Age,DailyRate,DistanceFromHome,EnvironmentSatisfaction,HourlyRate,JobInvolvement,JobLevel,JobSatisfaction,MonthlyIncome,MonthlyRate,PercentSalaryHike,PerformanceRating,RelationshipSatisfaction,StockOptionLevel,WorkLifeBalance,YearsAtCompany,YearsInCurrentRole,YearsSinceLastPromotion,BusinessTravel_Non-Travel,BusinessTravel_Travel_Frequently,BusinessTravel_Travel_Rarely,Department_Human Resources,Department_Research & Development,Department_Sales,EducationField_Human Resources,EducationField_Life Sciences,EducationField_Marketing,EducationField_Medical,EducationField_Other,EducationField_Technical Degree,JobRole_Healthcare Representative,JobRole_Human Resources,JobRole_Laboratory Technician,JobRole_Manager,JobRole_Manufacturing Director,JobRole_Research Director,JobRole_Research Scientist,JobRole_Sales Executive,JobRole_Sales Representative,OverTime_No,OverTime_Yes,Attrition
42.0,1368.0,28.0,4.0,88.0,2.0,2.0,4.0,4523.0,4386.0,11.0,3.0,4.0,3.0,4.0,6.0,5.0,0.0,0.0,1.0,0.0,0.0,1.0,0.0,0.0,0.0,0.0,0.0,0.0,1.0,1.0,0.0,0.0,0.0,0.0,0.0,0.0,0.0,0.0,1.0,0.0,0
25.0,309.0,2.0,3.0,82.0,3.0,1.0,2.0,2187.0,19655.0,14.0,3.0,3.0,0.0,3.0,2.0,0.0,1.0,0.0,0.0,1.0,1.0,0.0,0.0,1.0,0.0,0.0,0.0,0.0,0.0,0.0,1.0,0.0,0.0,0.0,0.0,0.0,0.0,0.0,1.0,0.0,0
29.0,1396.0,10.0,3.0,99.0,3.0,1.0,3.0,2642.0,2755.0,11.0,3.0,3.0,0.0,3.0,1.0,0.0,0.0,0.0,0.0,1.0,0.0,0.0,1.0,0.0,1.0,0.0,0.0,0.0,0.0,0.0,0.0,0.0,0.0,0.0,0.0,0.0,0.0,1.0,1.0,0.0,0
29.0,986.0,3.0,2.0,93.0,2.0,3.0,3.0,11935.0,21526.0,18.0,3.0,3.0,0.0,3.0,10.0,2.0,0.0,0.0,0.0,1.0,0.0,1.0,0.0,0.0,0.0,0.0,1.0,0.0,0.0,0.0,0.0,0.0,0.0,0.0,1.0,0.0,0.0,0.0,1.0,0.0,0
50.0,854.0,1.0,4.0,68.0,3.0,5.0,4.0,19517.0,24118.0,11.0,3.0,3.0,1.0,2.0,7.0,0.0,0.0,0.0,0.0,1.0,0.0,0.0,1.0,0.0,0.0,0.0,1.0,0.0,0.0,0.0,0.0,0.0,1.0,0.0,0.0,0.0,0.0,0.0,1.0,0.0,0
40.0,902.0,26.0,3.0,92.0,2.0,2.0,4.0,4422.0,21203.0,13.0,3.0,4.0,1.0,1.0,1.0,1.0,0.0,0.0,1.0,0.0,0.0,1.0,0.0,0.0,0.0,0.0,1.0,0.0,0.0,0.0,0.0,0.0,0.0,0.0,0.0,1.0,0.0,0.0,0.0,1.0,0
25.0,772.0,2.0,4.0,77.0,4.0,2.0,3.0,5206.0,4973.0,17.0,3.0,3.0,2.0,3.0,7.0,7.0,0.0,0.0,1.0,0.0,0.0,1.0,0.0,0.0,1.0,0.0,0.0,0.0,0.0,0.0,0.0,0.0,0.0,1.0,0.0,0.0,0.0,0.0,1.0,0.0,0
38.0,770.0,10.0,3.0,73.0,2.0,3.0,3.0,8740.0,5569.0,14.0,3.0,2.0,2.0,3.0,8.0,7.0,2.0,0.0,0.0,1.0,0.0,0.0,1.0,0.0,0.0,1.0,0.0,0.0,0.0,0.0,0.0,0.0,0.0,0.0,0.0,0.0,1.0,0.0,0.0,1.0,0
27.0,1131.0,15.0,4.0,77.0,2.0,1.0,1.0,4774.0,23844.0,19.0,3.0,4.0,1.0,2.0,7.0,6.0,7.0,0.0,1.0,0.0,0.0,1.0,0.0,0.0,1.0,0.0,0.0,0.0,0.0,0.0,0.0,0.0,0.0,0.0,0.0,1.0,0.0,0.0,1.0,0.0,0
40.0,804.0,2.0,4.0,86.0,2.0,1.0,4.0,2342.0,22929.0,20.0,4.0,4.0,0.0,2.0,4.0,2.0,2.0,0.0,0.0,1.0,0.0,1.0,0.0,0.0,0.0,0.0,1.0,0.0,0.0,0.0,0.0,0.0,0.0,0.0,0.0,1.0,0.0,0.0,0.0,1.0,0
38.0,1333.0,1.0,4.0,80.0,3.0,3.0,1.0,13582.0,16292.0,13.0,3.0,2.0,1.0,3.0,15.0,12.0,5.0,0.0,0.0,1.0,0.0,1.0,0.0,0.0,0.0,0.0,0.0,0.0,1.0,0.0,0.0,0.0,0.0,0.0,1.0,0.0,0.0,0.0,1.0,0.0,0
26.0,921.0,1.0,1.0,66.0,2.0,1.0,3.0,2007.0,25265.0,13.0,3.0,3.0,2.0,3.0,5.0,3.0,1.0,0.0,1.0,0.0,0.0,1.0,0.0,0.0,0.0,0.0,1.0,0.0,0.0,0.0,0.0,0.0,0.0,0.0,0.0,1.0,0.0,0.0,1.0,0.0,0
40.0,1094.0,28.0,3.0,58.0,1.0,3.0,1.0,10932.0,11373.0,15.0,3.0,3.0,1.0,3.0,1.0,0.0,0.0,1.0,0.0,0.0,0.0,0.0,1.0,0.0,0.0,0.0,0.0,1.0,0.0,0.0,0.0,0.0,0.0,0.0,0.0,0.0,1.0,0.0,1.0,0.0,0
42.0,269.0,2.0,4.0,56.0,2.0,1.0,1.0,2593.0,8007.0,11.0,3.0,3.0,1.0,3.0,9.0,6.0,7.0,0.0,0.0,1.0,0.0,1.0,0.0,0.0,0.0,0.0,1.0,0.0,0.0,0.0,0.0,1.0,0.0,0.0,0.0,0.0,0.0,0.0,0.0,1.0,0
60.0,370.0,1.0,3.0,92.0,1.0,3.0,4.0,10883.0,20467.0,20.0,4.0,3.0,1.0,4.0,1.0,0.0,0.0,0.0,0.0,1.0,0.0,1.0,0.0,0.0,0.0,0.0,1.0,0.0,0.0,1.0,0.0,0.0,0.0,0.0,0.0,0.0,0.0,0.0,1.0,0.0,0
48.0,817.0,2.0,2.0,56.0,4.0,2.0,2.0,8120.0,18597.0,12.0,3.0,4.0,0.0,3.0,2.0,2.0,2.0,0.0,0.0,1.0,0.0,0.0,1.0,0.0,0.0,1.0,0.0,0.0,0.0,0.0,0.0,0.0,0.0,0.0,0.0,0.0,1.0,0.0,1.0,0.0,0
37.0,671.0,19.0,3.0,85.0,3.0,2.0,3.0,5768.0,26493.0,17.0,3.0,1.0,3.0,2.0,4.0,3.0,0.0,0.0,0.0,1.0,0.0,1.0,0.0,0.0,1.0,0.0,0.0,0.0,0.0,0.0,0.0,0.0,0.0,1.0,0.0,0.0,0.0,0.0,1.0,0.0,0
30.0,1240.0,9.0,3.0,48.0,3.0,2.0,4.0,6347.0,13982.0,19.0,3.0,4.0,0.0,1.0,11.0,9.0,4.0,0.0,0.0,1.0,1.0,0.0,0.0,1.0,0.0,0.0,0.0,0.0,0.0,0.0,1.0,0.0,0.0,0.0,0.0,0.0,0.0,0.0,0.0,1.0,0
51.0,1405.0,11.0,4.0,82.0,2.0,4.0,2.0,13142.0,24439.0,16.0,3.0,2.0,0.0,2.0,5.0,2.0,0.0,0.0,0.0,1.0,0.0,1.0,0.0,0.0,0.0,0.0,0.0,0.0,1.0,0.0,0.0,0.0,0.0,1.0,0.0,0.0,0.0,0.0,1.0,0.0,0
28.0,1169.0,8.0,2.0,63.0,2.0,1.0,4.0,4936.0,23965.0,13.0,3.0,4.0,1.0,3.0,5.0,1.0,0.0,0.0,0.0,1.0,1.0,0.0,0.0,0.0,0.0,0.0,1.0,0.0,0.0,0.0,1.0,0.0,0.0,0.0,0.0,0.0,0.0,0.0,1.0,0.0,0
47.0,217.0,3.0,4.0,49.0,3.0,4.0,3.0,13770.0,10225.0,12.0,3.0,4.0,2.0,2.0,22.0,2.0,11.0,0.0,1.0,0.0,0.0,0.0,1.0,0.0,0.0,0.0,1.0,0.0,0.0,0.0,0.0,0.0,0.0,0.0,0.0,0.0,1.0,0.0,0.0,1.0,0
43.0,1473.0,8.0,3.0,74.0,3.0,2.0,3.0,4522.0,2227.0,14.0,3.0,4.0,0.0,3.0,5.0,2.0,0.0,0.0,0.0,1.0,0.0,1.0,0.0,0.0,0.0,0.0,0.0,1.0,0.0,1.0,0.0,0.0,0.0,0.0,0.0,0.0,0.0,0.0,0.0,1.0,0
33.0,515.0,1.0,1.0,98.0,3.0,3.0,4.0,13458.0,15146.0,12.0,3.0,3.0,0.0,3.0,15.0,14.0,8.0,0.0,1.0,0.0,0.0,1.0,0.0,0.0,1.0,0.0,0.0,0.0,0.0,0.0,0.0,0.0,0.0,0.0,1.0,0.0,0.0,0.0,0.0,1.0,0
46.0,1003.0,8.0,4.0,74.0,2.0,2.0,1.0,4615.0,21029.0,23.0,4.0,1.0,3.0,3.0,16.0,13.0,1.0,0.0,0.0,1.0,0.0,1.0,0.0,0.0,1.0,0.0,0.0,0.0,0.0,0.0,0.0,0.0,0.0,0.0,0.0,1.0,0.0,0.0,0.0,1.0,0
37.0,142.0,9.0,1.0,69.0,3.0,3.0,2.0,8834.0,24666.0,13.0,3.0,4.0,1.0,3.0,9.0,5.0,7.0,1.0,0.0,0.0,0.0,0.0,1.0,0.0,0.0,0.0,1.0,0.0,0.0,0.0,0.0,0.0,0.0,0.0,0.0,0.0,1.0,0.0,1.0,0.0,0
43.0,415.0,25.0,3.0,79.0,2.0,3.0,4.0,10798.0,5268.0,13.0,3.0,3.0,1.0,3.0,1.0,0.0,0.0,0.0,0.0,1.0,0.0,0.0,1.0,0.0,0.0,0.0,1.0,0.0,0.0,0.0,0.0,0.0,0.0,0.0,0.0,0.0,1.0,0.0,1.0,0.0,0
48.0,1108.0,15.0,3.0,65.0,3.0,1.0,1.0,2367.0,16530.0,12.0,3.0,4.0,1.0,2.0,8.0,2.0,7.0,0.0,0.0,1.0,0.0,1.0,0.0,0.0,0.0,0.0,0.0,1.0,0.0,0.0,0.0,0.0,0.0,0.0,0.0,1.0,0.0,0.0,1.0,0.0,0
26.0,583.0,4.0,3.0,53.0,3.0,1.0,4.0,2875.0,9973.0,20.0,4.0,2.0,0.0,2.0,8.0,5.0,2.0,0.0,0.0,1.0,0.0,1.0,0.0,0.0,1.0,0.0,0.0,0.0,0.0,0.0,0.0,0.0,0.0,0.0,0.0,1.0,0.0,0.0,0.0,1.0,0
34.0,971.0,1.0,4.0,64.0,2.0,3.0,3.0,7083.0,12288.0,14.0,3.0,4.0,0.0,3.0,10.0,9.0,8.0,0.0,0.0,1.0,0.0,0.0,1.0,0.0,0.0,0.0,0.0,0.0,1.0,0.0,0.0,0.0,0.0,0.0,0.0,0.0,1.0,0.0,0.0,1.0,0
27.0,1115.0,3.0,1.0,54.0,2.0,1.0,4.0,2045.0,15174.0,13.0,3.0,4.0,0.0,3.0,4.0,2.0,1.0,0.0,0.0,1.0,0.0,1.0,0.0,0.0,0.0,0.0,1.0,0.0,0.0,0.0,0.0,0.0,0.0,0.0,0.0,1.0,0.0,0.0,1.0,0.0,0
46.0,849.0,26.0,2.0,98.0,2.0,2.0,2.0,7991.0,25166.0,15.0,3.0,3.0,0.0,3.0,2.0,2.0,2.0,1.0,0.0,0.0,0.0,0.0,1.0,0.0,1.0,0.0,0.0,0.0,0.0,0.0,0.0,0.0,0.0,0.0,0.0,0.0,1.0,0.0,1.0,0.0,0
43.0,930.0,6.0,1.0,73.0,2.0,2.0,3.0,4081.0,20003.0,14.0,3.0,1.0,0.0,1.0,20.0,7.0,1.0,0.0,0.0,1.0,0.0,1.0,0.0,0.0,0.0,0.0,1.0,0.0,0.0,0.0,0.0,0.0,0.0,0.0,0.0,1.0,0.0,0.0,0.0,1.0,0
54.0,1217.0,2.0,1.0,60.0,3.0,3.0,3.0,13549.0,24001.0,12.0,3.0,1.0,1.0,1.0,4.0,3.0,0.0,0.0,0.0,1.0,0.0,1.0,0.0,0.0,0.0,0.0,0.0,0.0,1.0,0.0,0.0,0.0,0.0,0.0,1.0,0.0,0.0,0.0,1.0,0.0,0
53.0,661.0,7.0,1.0,78.0,2.0,3.0,4.0,10934.0,20715.0,18.0,3.0,4.0,1.0,3.0,5.0,2.0,0.0,0.0,0.0,1.0,0.0,0.0,1.0,0.0,0.0,1.0,0.0,0.0,0.0,0.0,0.0,0.0,0.0,0.0,0.0,0.0,1.0,0.0,0.0,1.0,0
44.0,1459.0,10.0,4.0,41.0,3.0,2.0,4.0,6465.0,19121.0,13.0,3.0,4.0,0.0,4.0,4.0,2.0,1.0,0.0,0.0,1.0,0.0,1.0,0.0,0.0,0.0,0.0,0.0,1.0,0.0,1.0,0.0,0.0,0.0,0.0,0.0,0.0,0.0,0.0,0.0,1.0,0
52.0,1323.0,2.0,3.0,89.0,2.0,1.0,4.0,3212.0,3300.0,15.0,3.0,2.0,0.0,2.0,2.0,2.0,2.0,0.0,0.0,1.0,0.0,1.0,0.0,0.0,1.0,0.0,0.0,0.0,0.0,0.0,0.0,1.0,0.0,0.0,0.0,0.0,0.0,0.0,1.0,0.0,0
35.0,1142.0,23.0,3.0,30.0,3.0,1.0,1.0,4014.0,16002.0,15.0,3.0,3.0,1.0,3.0,2.0,2.0,2.0,0.0,0.0,1.0,0.0,1.0,0.0,0.0,0.0,0.0,1.0,0.0,0.0,0.0,0.0,1.0,0.0,0.0,0.0,0.0,0.0,0.0,0.0,1.0,0
31.0,976.0,3.0,3.0,48.0,3.0,1.0,1.0,3065.0,3995.0,13.0,3.0,4.0,1.0,4.0,4.0,2.0,2.0,1.0,0.0,0.0,0.0,1.0,0.0,0.0,0.0,0.0,1.0,0.0,0.0,0.0,0.0,0.0,0.0,0.0,0.0,1.0,0.0,0.0,0.0,1.0,0
28.0,1300.0,17.0,3.0,79.0,3.0,2.0,1.0,4558.0,13535.0,12.0,3.0,4.0,1.0,3.0,10.0,0.0,1.0,0.0,0.0,1.0,0.0,1.0,0.0,0.0,0.0,0.0,1.0,0.0,0.0,0.0,0.0,1.0,0.0,0.0,0.0,0.0,0.0,0.0,1.0,0.0,0
50.0,1099.0,29.0,2.0,88.0,2.0,4.0,3.0,17046.0,9314.0,15.0,3.0,2.0,1.0,3.0,27.0,10.0,15.0,0.0,0.0,1.0,0.0,1.0,0.0,0.0,1.0,0.0,0.0,0.0,0.0,0.0,0.0,0.0,1.0,0.0,0.0,0.0,0.0,0.0,1.0,0.0,0
30.0,829.0,1.0,3.0,88.0,2.0,3.0,3.0,8474.0,20925.0,22.0,4.0,3.0,0.0,3.0,11.0,8.0,5.0,1.0,0.0,0.0,0.0,1.0,0.0,0.0,1.0,0.0,0.0,0.0,0.0,0.0,0.0,0.0,0.0,1.0,0.0,0.0,0.0,0.0,1.0,0.0,0
35.0,672.0,25.0,4.0,78.0,2.0,3.0,2.0,10903.0,9129.0,16.0,3.0,1.0,0.0,3.0,13.0,10.0,4.0,0.0,0.0,1.0,0.0,1.0,0.0,0.0,0.0,0.0,0.0,0.0,1.0,0.0,0.0,0.0,0.0,1.0,0.0,0.0,0.0,0.0,1.0,0.0,0
19.0,645.0,9.0,3.0,54.0,3.0,1.0,1.0,2552.0,7172.0,25.0,4.0,3.0,0.0,3.0,1.0,1.0,0.0,0.0,0.0,1.0,0.0,1.0,0.0,0.0,1.0,0.0,0.0,0.0,0.0,0.0,0.0,0.0,0.0,0.0,0.0,1.0,0.0,0.0,1.0,0.0,0
29.0,469.0,10.0,3.0,42.0,2.0,2.0,3.0,5869.0,23413.0,11.0,3.0,3.0,0.0,3.0,5.0,2.0,1.0,0.0,0.0,1.0,0.0,0.0,1.0,0.0,0.0,0.0,1.0,0.0,0.0,0.0,0.0,0.0,0.0,0.0,0.0,0.0,1.0,0.0,1.0,0.0,0
34.0,404.0,2.0,3.0,98.0,3.0,2.0,4.0,6687.0,6163.0,11.0,3.0,4.0,0.0,4.0,14.0,11.0,4.0,0.0,0.0,1.0,0.0,1.0,0.0,0.0,0.0,0.0,0.0,0.0,1.0,1.0,0.0,0.0,0.0,0.0,0.0,0.0,0.0,0.0,1.0,0.0,0
31.0,853.0,1.0,3.0,96.0,3.0,2.0,1.0,4148.0,11275.0,12.0,3.0,3.0,1.0,3.0,4.0,3.0,0.0,0.0,1.0,0.0,0.0,1.0,0.0,0.0,1.0,0.0,0.0,0.0,0.0,0.0,0.0,0.0,0.0,1.0,0.0,0.0,0.0,0.0,1.0,0.0,0
27.0,591.0,2.0,4.0,87.0,3.0,1.0,4.0,2580.0,6297.0,13.0,3.0,3.0,0.0,2.0,4.0,2.0,1.0,0.0,1.0,0.0,0.0,1.0,0.0,0.0,0.0,0.0,1.0,0.0,0.0,0.0,0.0,0.0,0.0,0.0,0.0,1.0,0.0,0.0,1.0,0.0,0
34.0,135.0,19.0,3.0,46.0,3.0,2.0,2.0,4444.0,22534.0,13.0,3.0,3.0,2.0,4.0,11.0,8.0,5.0,0.0,1.0,0.0,0.0,1.0,0.0,0.0,0.0,0.0,1.0,0.0,0.0,0.0,0.0,1.0,0.0,0.0,0.0,0.0,0.0,0.0,1.0,0.0,0
29.0,574.0,20.0,4.0,40.0,3.0,1.0,4.0,3812.0,7003.0,13.0,3.0,2.0,0.0,4.0,11.0,8.0,3.0,0.0,1.0,0.0,0.0,1.0,0.0,0.0,0.0,0.0,1.0,0.0,0.0,0.0,0.0,1.0,0.0,0.0,0.0,0.0,0.0,0.0,1.0,0.0,0
30.0,1400.0,3.0,3.0,53.0,3.0,1.0,4.0,2097.0,16734.0,15.0,3.0,3.0,1.0,1.0,5.0,3.0,1.0,1.0,0.0,0.0,0.0,1.0,0.0,0.0,1.0,0.0,0.0,0.0,0.0,0.0,0.0,1.0,0.0,0.0,0.0,0.0,0.0,0.0,1.0,0.0,0
50.0,691.0,2.0,3.0,64.0,3.0,4.0,3.0,17639.0,6881.0,16.0,3.0,4.0,0.0,3.0,4.0,3.0,0.0,0.0,0.0,1.0,0.0,1.0,0.0,0.0,0.0,0.0,1.0,0.0,0.0,0.0,0.0,0.0,0.0,0.0,1.0,0.0,0.0,0.0,1.0,0.0,0
55.0,444.0,2.0,3.0,40.0,2.0,4.0,1.0,16756.0,17323.0,15.0,3.0,2.0,0.0,4.0,9.0,7.0,6.0,1.0,0.0,0.0,0.0,1.0,0.0,0.0,0.0,0.0,1.0,0.0,0.0,0.0,0.0,0.0,1.0,0.0,0.0,0.0,0.0,0.0,1.0,0.0,0
35.0,802.0,10.0,2.0,45.0,3.0,1.0,4.0,3917.0,9541.0,20.0,4.0,1.0,1.0,2.0,3.0,2.0,1.0,0.0,0.0,1.0,0.0,1.0,0.0,0.0,0.0,0.0,0.0,1.0,0.0,0.0,0.0,1.0,0.0,0.0,0.0,0.0,0.0,0.0,1.0,0.0,0
33.0,1038.0,8.0,2.0,88.0,2.0,1.0,4.0,2342.0,21437.0,19.0,3.0,4.0,0.0,2.0,2.0,2.0,2.0,1.0,0.0,0.0,0.0,0.0,1.0,0.0,1.0,0.0,0.0,0.0,0.0,0.0,0.0,0.0,0.0,0.0,0.0,0.0,0.0,1.0,1.0,0.0,0
36.0,635.0,10.0,2.0,32.0,3.0,3.0,4.0,9980.0,15318.0,14.0,3.0,4.0,0.0,2.0,10.0,3.0,9.0,1.0,0.0,0.0,0.0,0.0,1.0,0.0,0.0,0.0,1.0,0.0,0.0,0.0,0.0,0.0,0.0,0.0,0.0,0.0,1.0,0.0,1.0,0.0,0
38.0,362.0,1.0,3.0,43.0,3.0,1.0,1.0,2619.0,14561.0,17.0,3.0,4.0,0.0,2.0,0.0,0.0,0.0,0.0,0.0,1.0,0.0,1.0,0.0,0.0,1.0,0.0,0.0,0.0,0.0,0.0,0.0,0.0,0.0,0.0,0.0,1.0,0.0,0.0,1.0,0.0,0
30.0,852.0,10.0,3.0,72.0,2.0,2.0,3.0,6578.0,2706.0,18.0,3.0,1.0,1.0,3.0,10.0,3.0,1.0,0.0,0.0,1.0,0.0,0.0,1.0,0.0,0.0,1.0,0.0,0.0,0.0,0.0,0.0,0.0,0.0,0.0,0.0,0.0,1.0,0.0,1.0,0.0,0
36.0,938.0,2.0,3.0,79.0,3.0,1.0,3.0,2519.0,12287.0,21.0,4.0,3.0,0.0,3.0,11.0,8.0,3.0,0.0,0.0,1.0,0.0,1.0,0.0,0.0,0.0,0.0,1.0,0.0,0.0,0.0,0.0,1.0,0.0,0.0,0.0,0.0,0.0,0.0,1.0,0.0,0
52.0,771.0,2.0,1.0,79.0,2.0,5.0,3.0,19068.0,21030.0,18.0,3.0,4.0,0.0,4.0,33.0,7.0,15.0,1.0,0.0,0.0,0.0,0.0,1.0,0.0,1.0,0.0,0.0,0.0,0.0,0.0,0.0,0.0,1.0,0.0,0.0,0.0,0.0,0.0,0.0,1.0,0
22.0,217.0,8.0,2.0,94.0,1.0,1.0,1.0,2451.0,6881.0,15.0,3.0,1.0,1.0,2.0,4.0,3.0,1.0,0.0,0.0,1.0,0.0,1.0,0.0,0.0,1.0,0.0,0.0,0.0,0.0,0.0,0.0,1.0,0.0,0.0,0.0,0.0,0.0,0.0,1.0,0.0,0
36.0,894.0,1.0,4.0,33.0,2.0,2.0,3.0,4374.0,15411.0,15.0,3.0,3.0,0.0,3.0,3.0,2.0,1.0,1.0,0.0,0.0,0.0,1.0,0.0,0.0,0.0,0.0,1.0,0.0,0.0,0.0,0.0,0.0,0.0,1.0,0.0,0.0,0.0,0.0,1.0,0.0,0
36.0,884.0,1.0,2.0,73.0,3.0,2.0,3.0,6815.0,21447.0,13.0,3.0,1.0,0.0,3.0,1.0,0.0,0.0,0.0,0.0,1.0,0.0,0.0,1.0,0.0,1.0,0.0,0.0,0.0,0.0,0.0,0.0,0.0,0.0,0.0,0.0,0.0,1.0,0.0,1.0,0.0,0
51.0,237.0,9.0,4.0,83.0,3.0,5.0,2.0,19847.0,19196.0,24.0,4.0,1.0,1.0,2.0,29.0,10.0,11.0,0.0,1.0,0.0,0.0,0.0,1.0,0.0,1.0,0.0,0.0,0.0,0.0,0.0,0.0,0.0,1.0,0.0,0.0,0.0,0.0,0.0,0.0,1.0,0
32.0,379.0,5.0,2.0,48.0,3.0,2.0,2.0,6524.0,8891.0,14.0,3.0,4.0,1.0,3.0,10.0,8.0,5.0,0.0,1.0,0.0,0.0,0.0,1.0,0.0,1.0,0.0,0.0,0.0,0.0,0.0,0.0,0.0,0.0,0.0,0.0,0.0,1.0,0.0,1.0,0.0,0
39.0,722.0,24.0,2.0,60.0,2.0,4.0,4.0,12031.0,8828.0,11.0,3.0,1.0,1.0,2.0,20.0,9.0,9.0,0.0,0.0,1.0,0.0,0.0,1.0,0.0,0.0,1.0,0.0,0.0,0.0,0.0,0.0,0.0,0.0,0.0,0.0,0.0,1.0,0.0,1.0,0.0,0
57.0,334.0,24.0,3.0,83.0,4.0,3.0,4.0,9439.0,23402.0,16.0,3.0,2.0,1.0,1.0,5.0,3.0,1.0,0.0,0.0,1.0,0.0,1.0,0.0,0.0,1.0,0.0,0.0,0.0,0.0,1.0,0.0,0.0,0.0,0.0,0.0,0.0,0.0,0.0,0.0,1.0,0
57.0,405.0,1.0,2.0,93.0,4.0,2.0,3.0,4900.0,2721.0,24.0,4.0,1.0,1.0,2.0,12.0,9.0,2.0,0.0,0.0,1.0,0.0,1.0,0.0,0.0,1.0,0.0,0.0,0.0,0.0,0.0,0.0,0.0,0.0,0.0,0.0,1.0,0.0,0.0,1.0,0.0,0
47.0,465.0,1.0,1.0,74.0,3.0,1.0,4.0,3420.0,10205.0,12.0,3.0,3.0,1.0,2.0,6.0,5.0,1.0,0.0,0.0,1.0,0.0,1.0,0.0,0.0,0.0,0.0,0.0,0.0,1.0,0.0,0.0,0.0,0.0,0.0,0.0,1.0,0.0,0.0,1.0,0.0,0
34.0,254.0,1.0,2.0,83.0,2.0,1.0,4.0,3622.0,22794.0,13.0,3.0,4.0,1.0,3.0,6.0,5.0,1.0,0.0,0.0,1.0,0.0,1.0,0.0,0.0,1.0,0.0,0.0,0.0,0.0,0.0,0.0,0.0,0.0,0.0,0.0,1.0,0.0,0.0,0.0,1.0,0
35.0,1214.0,1.0,2.0,30.0,2.0,1.0,3.0,2859.0,26278.0,18.0,3.0,1.0,0.0,3.0,6.0,4.0,0.0,0.0,0.0,1.0,0.0,1.0,0.0,0.0,0.0,0.0,1.0,0.0,0.0,0.0,0.0,0.0,0.0,0.0,0.0,1.0,0.0,0.0,1.0,0.0,0
30.0,201.0,5.0,4.0,84.0,3.0,1.0,1.0,3204.0,10415.0,14.0,3.0,4.0,1.0,3.0,3.0,2.0,2.0,0.0,0.0,1.0,0.0,1.0,0.0,0.0,0.0,0.0,0.0,0.0,1.0,0.0,0.0,0.0,0.0,0.0,0.0,1.0,0.0,0.0,1.0,0.0,0
35.0,1315.0,22.0,2.0,71.0,4.0,3.0,2.0,11996.0,19100.0,18.0,3.0,2.0,1.0,2.0,7.0,7.0,6.0,0.0,0.0,1.0,0.0,1.0,0.0,0.0,1.0,0.0,0.0,0.0,0.0,0.0,0.0,0.0,1.0,0.0,0.0,0.0,0.0,0.0,1.0,0.0,0
34.0,702.0,16.0,3.0,100.0,2.0,1.0,4.0,2553.0,8306.0,16.0,3.0,3.0,0.0,3.0,5.0,2.0,1.0,0.0,1.0,0.0,0.0,1.0,0.0,0.0,1.0,0.0,0.0,0.0,0.0,0.0,0.0,0.0,0.0,0.0,0.0,1.0,0.0,0.0,1.0,0.0,0
27.0,269.0,5.0,3.0,42.0,2.0,3.0,4.0,12808.0,8842.0,16.0,3.0,2.0,1.0,3.0,9.0,8.0,0.0,0.0,0.0,1.0,0.0,1.0,0.0,0.0,0.0,0.0,0.0,0.0,1.0,0.0,0.0,0.0,0.0,0.0,1.0,0.0,0.0,0.0,0.0,1.0,0
29.0,991.0,5.0,1.0,43.0,2.0,2.0,2.0,4187.0,3356.0,13.0,3.0,2.0,1.0,2.0,10.0,0.0,0.0,0.0,0.0,1.0,0.0,0.0,1.0,0.0,0.0,0.0,1.0,0.0,0.0,0.0,0.0,0.0,0.0,0.0,0.0,0.0,1.0,0.0,0.0,1.0,0
34.0,618.0,3.0,1.0,45.0,3.0,2.0,4.0,7756.0,22266.0,17.0,3.0,3.0,0.0,2.0,6.0,2.0,0.0,0.0,1.0,0.0,0.0,1.0,0.0,0.0,1.0,0.0,0.0,0.0,0.0,1.0,0.0,0.0,0.0,0.0,0.0,0.0,0.0,0.0,1.0,0.0,0
53.0,346.0,6.0,4.0,86.0,3.0,2.0,4.0,2450.0,10919.0,17.0,3.0,4.0,0.0,3.0,2.0,2.0,2.0,0.0,0.0,1.0,0.0,1.0,0.0,0.0,1.0,0.0,0.0,0.0,0.0,0.0,0.0,1.0,0.0,0.0,0.0,0.0,0.0,0.0,1.0,0.0,0
45.0,1050.0,9.0,2.0,65.0,2.0,2.0,3.0,5593.0,17970.0,13.0,3.0,4.0,1.0,3.0,15.0,10.0,4.0,1.0,0.0,0.0,0.0,0.0,1.0,0.0,1.0,0.0,0.0,0.0,0.0,0.0,0.0,0.0,0.0,0.0,0.0,0.0,1.0,0.0,1.0,0.0,0
31.0,670.0,26.0,1.0,31.0,3.0,1.0,3.0,2911.0,15170.0,17.0,3.0,4.0,1.0,2.0,5.0,2.0,4.0,0.0,0.0,1.0,0.0,1.0,0.0,0.0,1.0,0.0,0.0,0.0,0.0,0.0,0.0,0.0,0.0,0.0,0.0,1.0,0.0,0.0,1.0,0.0,0
36.0,164.0,2.0,2.0,61.0,2.0,3.0,3.0,7596.0,3809.0,13.0,3.0,2.0,2.0,3.0,10.0,9.0,9.0,0.0,0.0,1.0,0.0,0.0,1.0,0.0,0.0,0.0,1.0,0.0,0.0,0.0,0.0,0.0,0.0,0.0,0.0,0.0,1.0,0.0,1.0,0.0,0
30.0,855.0,7.0,4.0,73.0,3.0,2.0,1.0,4779.0,12761.0,14.0,3.0,2.0,2.0,3.0,3.0,2.0,0.0,0.0,0.0,1.0,0.0,0.0,1.0,0.0,0.0,1.0,0.0,0.0,0.0,0.0,0.0,0.0,0.0,0.0,0.0,0.0,1.0,0.0,1.0,0.0,0
35.0,944.0,1.0,3.0,92.0,3.0,3.0,3.0,8789.0,9096.0,14.0,3.0,1.0,0.0,4.0,10.0,7.0,0.0,0.0,1.0,0.0,0.0,0.0,1.0,0.0,0.0,1.0,0.0,0.0,0.0,0.0,0.0,0.0,0.0,0.0,0.0,0.0,1.0,0.0,1.0,0.0,0
56.0,832.0,9.0,3.0,81.0,3.0,4.0,4.0,11103.0,20420.0,11.0,3.0,3.0,0.0,2.0,10.0,7.0,1.0,0.0,0.0,1.0,0.0,1.0,0.0,0.0,0.0,0.0,1.0,0.0,0.0,1.0,0.0,0.0,0.0,0.0,0.0,0.0,0.0,0.0,1.0,0.0,0
34.0,1333.0,10.0,3.0,87.0,3.0,1.0,3.0,2220.0,18410.0,19.0,3.0,4.0,1.0,3.0,1.0,1.0,0.0,0.0,0.0,1.0,0.0,0.0,1.0,0.0,1.0,0.0,0.0,0.0,0.0,0.0,0.0,0.0,0.0,0.0,0.0,0.0,0.0,1.0,0.0,1.0,0
45.0,1005.0,28.0,4.0,48.0,2.0,4.0,2.0,16704.0,17119.0,11.0,3.0,3.0,0.0,3.0,21.0,6.0,8.0,0.0,0.0,1.0,0.0,1.0,0.0,0.0,0.0,0.0,0.0,0.0,1.0,0.0,0.0,0.0,0.0,0.0,1.0,0.0,0.0,0.0,1.0,0.0,0
30.0,1176.0,20.0,3.0,85.0,3.0,2.0,1.0,9957.0,9096.0,15.0,3.0,3.0,1.0,2.0,6.0,2.0,0.0,0.0,0.0,1.0,0.0,1.0,0.0,0.0,0.0,0.0,0.0,1.0,0.0,0.0,0.0,0.0,0.0,1.0,0.0,0.0,0.0,0.0,1.0,0.0,0
27.0,1055.0,2.0,1.0,47.0,3.0,2.0,4.0,4227.0,4658.0,18.0,3.0,2.0,1.0,3.0,3.0,2.0,2.0,0.0,0.0,1.0,0.0,1.0,0.0,0.0,1.0,0.0,0.0,0.0,0.0,0.0,0.0,0.0,0.0,1.0,0.0,0.0,0.0,0.0,1.0,0.0,0
32.0,495.0,10.0,3.0,64.0,3.0,3.0,4.0,11244.0,21072.0,25.0,4.0,2.0,0.0,4.0,5.0,2.0,0.0,0.0,0.0,1.0,0.0,1.0,0.0,0.0,0.0,0.0,1.0,0.0,0.0,0.0,0.0,0.0,1.0,0.0,0.0,0.0,0.0,0.0,1.0,0.0,0
53.0,447.0,2.0,4.0,39.0,4.0,4.0,2.0,16598.0,19764.0,12.0,3.0,2.0,0.0,2.0,9.0,8.0,8.0,0.0,0.0,1.0,0.0,1.0,0.0,0.0,0.0,0.0,1.0,0.0,0.0,0.0,0.0,0.0,0.0,0.0,1.0,0.0,0.0,0.0,1.0,0.0,0
46.0,1277.0,2.0,3.0,74.0,3.0,3.0,4.0,10368.0,5596.0,12.0,3.0,2.0,1.0,2.0,10.0,6.0,0.0,0.0,0.0,1.0,0.0,0.0,1.0,0.0,1.0,0.0,0.0,0.0,0.0,0.0,0.0,0.0,0.0,0.0,0.0,0.0,1.0,0.0,0.0,1.0,0
37.0,408.0,19.0,2.0,73.0,3.0,1.0,2.0,3022.0,10227.0,21.0,4.0,1.0,0.0,3.0,1.0,0.0,0.0,0.0,0.0,1.0,0.0,1.0,0.0,0.0,1.0,0.0,0.0,0.0,0.0,0.0,0.0,0.0,0.0,0.0,0.0,1.0,0.0,0.0,1.0,0.0,0
31.0,471.0,4.0,1.0,62.0,4.0,1.0,3.0,3978.0,16031.0,12.0,3.0,2.0,1.0,2.0,2.0,2.0,2.0,0.0,0.0,1.0,0.0,1.0,0.0,0.0,0.0,0.0,1.0,0.0,0.0,0.0,0.0,1.0,0.0,0.0,0.0,0.0,0.0,0.0,1.0,0.0,0
45.0,192.0,10.0,1.0,69.0,3.0,1.0,4.0,2654.0,9655.0,21.0,4.0,4.0,2.0,2.0,2.0,2.0,0.0,0.0,0.0,1.0,0.0,1.0,0.0,0.0,1.0,0.0,0.0,0.0,0.0,0.0,0.0,0.0,0.0,0.0,0.0,1.0,0.0,0.0,1.0,0.0,0
34.0,511.0,3.0,4.0,32.0,1.0,2.0,4.0,6029.0,25353.0,12.0,3.0,1.0,0.0,3.0,2.0,2.0,2.0,0.0,0.0,1.0,0.0,0.0,1.0,0.0,1.0,0.0,0.0,0.0,0.0,0.0,0.0,0.0,0.0,0.0,0.0,0.0,1.0,0.0,1.0,0.0,0
55.0,135.0,18.0,3.0,62.0,3.0,2.0,2.0,6385.0,12992.0,14.0,3.0,4.0,2.0,3.0,8.0,7.0,6.0,0.0,1.0,0.0,0.0,1.0,0.0,0.0,0.0,0.0,1.0,0.0,0.0,1.0,0.0,0.0,0.0,0.0,0.0,0.0,0.0,0.0,0.0,1.0,0
30.0,1275.0,28.0,4.0,64.0,3.0,2.0,4.0,5775.0,11934.0,13.0,3.0,4.0,2.0,3.0,10.0,8.0,1.0,0.0,0.0,1.0,0.0,1.0,0.0,0.0,0.0,0.0,1.0,0.0,0.0,0.0,0.0,0.0,0.0,0.0,0.0,1.0,0.0,0.0,1.0,0.0,0
32.0,1146.0,15.0,3.0,34.0,3.0,2.0,4.0,6667.0,16542.0,18.0,3.0,2.0,1.0,3.0,5.0,1.0,1.0,1.0,0.0,0.0,0.0,1.0,0.0,0.0,0.0,0.0,1.0,0.0,0.0,1.0,0.0,0.0,0.0,0.0,0.0,0.0,0.0,0.0,1.0,0.0,0
38.0,1490.0,2.0,4.0,42.0,3.0,1.0,4.0,1702.0,12106.0,23.0,4.0,3.0,1.0,3.0,1.0,0.0,0.0,0.0,1.0,0.0,0.0,1.0,0.0,0.0,1.0,0.0,0.0,0.0,0.0,0.0,0.0,1.0,0.0,0.0,0.0,0.0,0.0,0.0,0.0,1.0,0
44.0,1313.0,7.0,2.0,31.0,3.0,5.0,4.0,19049.0,3549.0,14.0,3.0,4.0,1.0,2.0,22.0,7.0,1.0,0.0,0.0,1.0,0.0,1.0,0.0,0.0,0.0,0.0,1.0,0.0,0.0,0.0,0.0,0.0,0.0,0.0,1.0,0.0,0.0,0.0,0.0,1.0,0
29.0,441.0,8.0,3.0,39.0,1.0,2.0,1.0,9715.0,7288.0,13.0,3.0,3.0,1.0,3.0,7.0,7.0,0.0,0.0,0.0,1.0,0.0,1.0,0.0,0.0,0.0,0.0,0.0,1.0,0.0,1.0,0.0,0.0,0.0,0.0,0.0,0.0,0.0,0.0,1.0,0.0,0
32.0,906.0,7.0,4.0,91.0,2.0,2.0,3.0,5484.0,16985.0,14.0,3.0,3.0,1.0,2.0,13.0,8.0,4.0,0.0,0.0,1.0,0.0,0.0,1.0,0.0,1.0,0.0,0.0,0.0,0.0,0.0,0.0,0.0,0.0,0.0,0.0,0.0,1.0,0.0,1.0,0.0,0
28.0,120.0,4.0,2.0,43.0,3.0,2.0,3.0,4221.0,8863.0,15.0,3.0,2.0,0.0,4.0,5.0,4.0,0.0,1.0,0.0,0.0,0.0,0.0,1.0,0.0,0.0,0.0,1.0,0.0,0.0,0.0,0.0,0.0,0.0,0.0,0.0,0.0,1.0,0.0,1.0,0.0,0
36.0,1434.0,8.0,1.0,76.0,2.0,3.0,1.0,7587.0,14229.0,15.0,3.0,2.0,0.0,3.0,10.0,7.0,0.0,1.0,0.0,0.0,0.0,0.0,1.0,0.0,1.0,0.0,0.0,0.0,0.0,0.0,0.0,0.0,0.0,0.0,0.0,0.0,1.0,0.0,1.0,0.0,0
41.0,549.0,7.0,4.0,42.0,3.0,2.0,3.0,5003.0,23371.0,14.0,3.0,2.0,0.0,3.0,2.0,2.0,2.0,0.0,0.0,1.0,0.0,1.0,0.0,0.0,0.0,0.0,1.0,0.0,0.0,0.0,0.0,0.0,0.0,1.0,0.0,0.0,0.0,0.0,1.0,0.0,0
37.0,783.0,7.0,4.0,78.0,3.0,2.0,1.0,4284.0,13588.0,22.0,4.0,3.0,1.0,3.0,5.0,3.0,0.0,0.0,0.0,1.0,0.0,1.0,0.0,0.0,0.0,0.0,1.0,0.0,0.0,0.0,0.0,0.0,0.0,0.0,0.0,1.0,0.0,0.0,0.0,1.0,0
24.0,897.0,10.0,1.0,59.0,3.0,1.0,4.0,2145.0,2097.0,14.0,3.0,4.0,1.0,3.0,2.0,2.0,2.0,0.0,1.0,0.0,1.0,0.0,0.0,0.0,0.0,0.0,1.0,0.0,0.0,0.0,1.0,0.0,0.0,0.0,0.0,0.0,0.0,0.0,1.0,0.0,0
32.0,1018.0,2.0,1.0,74.0,4.0,2.0,4.0,5055.0,10557.0,16.0,3.0,3.0,0.0,2.0,7.0,7.0,0.0,0.0,0.0,1.0,0.0,1.0,0.0,0.0,0.0,0.0,1.0,0.0,0.0,0.0,0.0,0.0,0.0,0.0,0.0,1.0,0.0,0.0,1.0,0.0,0
25.0,810.0,8.0,4.0,57.0,4.0,2.0,2.0,4851.0,15678.0,22.0,4.0,3.0,1.0,3.0,3.0,2.0,1.0,0.0,0.0,1.0,0.0,0.0,1.0,0.0,1.0,0.0,0.0,0.0,0.0,0.0,0.0,0.0,0.0,0.0,0.0,0.0,1.0,0.0,1.0,0.0,0
40.0,543.0,1.0,1.0,83.0,3.0,1.0,4.0,2406.0,4060.0,19.0,3.0,3.0,2.0,2.0,1.0,0.0,0.0,0.0,0.0,1.0,0.0,1.0,0.0,0.0,1.0,0.0,0.0,0.0,0.0,0.0,0.0,1.0,0.0,0.0,0.0,0.0,0.0,0.0,1.0,0.0,0
46.0,1144.0,7.0,3.0,30.0,3.0,2.0,3.0,5258.0,16044.0,14.0,3.0,3.0,0.0,4.0,1.0,0.0,0.0,1.0,0.0,0.0,0.0,1.0,0.0,0.0,0.0,0.0,1.0,0.0,0.0,0.0,0.0,0.0,0.0,1.0,0.0,0.0,0.0,0.0,1.0,0.0,0
27.0,1302.0,19.0,4.0,67.0,2.0,1.0,1.0,4066.0,16290.0,11.0,3.0,1.0,2.0,3.0,7.0,7.0,0.0,0.0,0.0,1.0,0.0,1.0,0.0,0.0,0.0,0.0,0.0,1.0,0.0,0.0,0.0,1.0,0.0,0.0,0.0,0.0,0.0,0.0,1.0,0.0,0
40.0,884.0,15.0,1.0,80.0,2.0,3.0,3.0,10435.0,25800.0,13.0,3.0,4.0,2.0,3.0,18.0,15.0,14.0,0.0,0.0,1.0,0.0,1.0,0.0,0.0,1.0,0.0,0.0,0.0,0.0,0.0,0.0,0.0,0.0,1.0,0.0,0.0,0.0,0.0,1.0,0.0,0
36.0,1174.0,3.0,1.0,99.0,3.0,2.0,2.0,9278.0,20763.0,16.0,3.0,4.0,0.0,3.0,5.0,4.0,0.0,0.0,0.0,1.0,0.0,0.0,1.0,0.0,0.0,1.0,0.0,0.0,0.0,0.0,0.0,0.0,0.0,0.0,0.0,0.0,1.0,0.0,0.0,1.0,0
37.0,342.0,16.0,4.0,66.0,2.0,2.0,3.0,6334.0,24558.0,19.0,3.0,4.0,2.0,3.0,1.0,0.0,0.0,0.0,0.0,1.0,0.0,0.0,1.0,0.0,0.0,1.0,0.0,0.0,0.0,0.0,0.0,0.0,0.0,0.0,0.0,0.0,1.0,0.0,1.0,0.0,0
30.0,1339.0,5.0,2.0,41.0,3.0,3.0,4.0,9419.0,8053.0,12.0,3.0,3.0,1.0,3.0,10.0,9.0,7.0,0.0,0.0,1.0,0.0,0.0,1.0,0.0,1.0,0.0,0.0,0.0,0.0,0.0,0.0,0.0,0.0,0.0,0.0,0.0,1.0,0.0,1.0,0.0,0
32.0,267.0,29.0,3.0,49.0,2.0,1.0,2.0,2837.0,15919.0,13.0,3.0,3.0,0.0,3.0,6.0,2.0,4.0,0.0,0.0,1.0,0.0,1.0,0.0,0.0,1.0,0.0,0.0,0.0,0.0,0.0,0.0,1.0,0.0,0.0,0.0,0.0,0.0,0.0,1.0,0.0,0
35.0,890.0,2.0,4.0,97.0,3.0,1.0,4.0,2014.0,9687.0,13.0,3.0,1.0,0.0,3.0,2.0,2.0,2.0,0.0,0.0,1.0,0.0,0.0,1.0,0.0,0.0,1.0,0.0,0.0,0.0,0.0,0.0,0.0,0.0,0.0,0.0,0.0,0.0,1.0,1.0,0.0,0
53.0,1395.0,24.0,2.0,48.0,4.0,3.0,4.0,7005.0,3458.0,15.0,3.0,3.0,0.0,3.0,4.0,3.0,1.0,0.0,0.0,1.0,0.0,1.0,0.0,0.0,0.0,0.0,1.0,0.0,0.0,1.0,0.0,0.0,0.0,0.0,0.0,0.0,0.0,0.0,1.0,0.0,0
48.0,365.0,4.0,3.0,89.0,2.0,4.0,4.0,15202.0,5602.0,25.0,4.0,2.0,1.0,3.0,2.0,2.0,2.0,0.0,1.0,0.0,0.0,1.0,0.0,0.0,0.0,0.0,1.0,0.0,0.0,0.0,0.0,0.0,1.0,0.0,0.0,0.0,0.0,0.0,1.0,0.0,0
44.0,986.0,8.0,1.0,62.0,4.0,1.0,4.0,2818.0,5044.0,24.0,4.0,3.0,1.0,2.0,3.0,2.0,0.0,0.0,0.0,1.0,0.0,1.0,0.0,0.0,1.0,0.0,0.0,0.0,0.0,0.0,0.0,1.0,0.0,0.0,0.0,0.0,0.0,0.0,0.0,1.0,0
40.0,1342.0,9.0,1.0,47.0,3.0,2.0,1.0,5473.0,19345.0,12.0,3.0,4.0,0.0,4.0,8.0,4.0,7.0,0.0,0.0,1.0,0.0,0.0,1.0,0.0,0.0,0.0,1.0,0.0,0.0,0.0,0.0,0.0,0.0,0.0,0.0,0.0,1.0,0.0,1.0,0.0,0
40.0,1492.0,20.0,1.0,61.0,3.0,3.0,4.0,10322.0,26542.0,20.0,4.0,4.0,1.0,3.0,11.0,10.0,11.0,0.0,0.0,1.0,0.0,1.0,0.0,0.0,0.0,0.0,0.0,0.0,1.0,1.0,0.0,0.0,0.0,0.0,0.0,0.0,0.0,0.0,1.0,0.0,0
28.0,1117.0,8.0,4.0,66.0,3.0,1.0,4.0,3310.0,4488.0,21.0,4.0,4.0,0.0,3.0,5.0,3.0,0.0,0.0,0.0,1.0,0.0,1.0,0.0,0.0,1.0,0.0,0.0,0.0,0.0,0.0,0.0,0.0,0.0,0.0,0.0,1.0,0.0,0.0,1.0,0.0,0
35.0,208.0,8.0,3.0,52.0,3.0,2.0,3.0,4148.0,12250.0,12.0,3.0,4.0,1.0,3.0,14.0,11.0,2.0,1.0,0.0,0.0,0.0,1.0,0.0,0.0,1.0,0.0,0.0,0.0,0.0,1.0,0.0,0.0,0.0,0.0,0.0,0.0,0.0,0.0,1.0,0.0,0
41.0,802.0,9.0,3.0,96.0,3.0,3.0,3.0,8189.0,21196.0,13.0,3.0,3.0,1.0,3.0,9.0,7.0,0.0,0.0,0.0,1.0,0.0,0.0,1.0,0.0,1.0,0.0,0.0,0.0,0.0,0.0,0.0,0.0,0.0,0.0,0.0,0.0,1.0,0.0,0.0,1.0,0
38.0,1336.0,2.0,1.0,100.0,3.0,1.0,2.0,2592.0,7129.0,13.0,3.0,4.0,3.0,3.0,11.0,10.0,3.0,1.0,0.0,0.0,1.0,0.0,0.0,1.0,0.0,0.0,0.0,0.0,0.0,0.0,1.0,0.0,0.0,0.0,0.0,0.0,0.0,0.0,1.0,0.0,0
36.0,1040.0,3.0,4.0,79.0,4.0,2.0,1.0,6842.0,26308.0,20.0,4.0,1.0,1.0,3.0,5.0,4.0,0.0,0.0,0.0,1.0,0.0,1.0,0.0,0.0,1.0,0.0,0.0,0.0,0.0,1.0,0.0,0.0,0.0,0.0,0.0,0.0,0.0,0.0,1.0,0.0,0
25.0,675.0,5.0,2.0,85.0,4.0,2.0,1.0,4000.0,18384.0,12.0,3.0,4.0,2.0,3.0,6.0,3.0,1.0,1.0,0.0,0.0,0.0,1.0,0.0,0.0,1.0,0.0,0.0,0.0,0.0,1.0,0.0,0.0,0.0,0.0,0.0,0.0,0.0,0.0,1.0,0.0,0
33.0,1069.0,1.0,2.0,42.0,2.0,2.0,4.0,6949.0,12291.0,14.0,3.0,1.0,0.0,3.0,5.0,0.0,1.0,0.0,0.0,1.0,0.0,1.0,0.0,0.0,1.0,0.0,0.0,0.0,0.0,1.0,0.0,0.0,0.0,0.0,0.0,0.0,0.0,0.0,1.0,0.0,0
48.0,855.0,4.0,4.0,54.0,3.0,3.0,4.0,7898.0,18706.0,11.0,3.0,3.0,0.0,3.0,10.0,9.0,0.0,0.0,0.0,1.0,0.0,1.0,0.0,0.0,1.0,0.0,0.0,0.0,0.0,0.0,0.0,0.0,0.0,1.0,0.0,0.0,0.0,0.0,1.0,0.0,0
46.0,1211.0,5.0,1.0,98.0,3.0,2.0,4.0,5772.0,20445.0,21.0,4.0,3.0,0.0,3.0,9.0,6.0,0.0,0.0,1.0,0.0,0.0,0.0,1.0,0.0,0.0,1.0,0.0,0.0,0.0,0.0,0.0,0.0,0.0,0.0,0.0,0.0,1.0,0.0,0.0,1.0,0
25.0,141.0,3.0,3.0,98.0,3.0,2.0,1.0,4194.0,14363.0,18.0,3.0,4.0,0.0,3.0,5.0,3.0,0.0,0.0,0.0,1.0,0.0,0.0,1.0,0.0,0.0,0.0,0.0,1.0,0.0,0.0,0.0,0.0,0.0,0.0,0.0,0.0,1.0,0.0,0.0,1.0,0
25.0,977.0,2.0,4.0,57.0,3.0,1.0,3.0,3977.0,7298.0,19.0,3.0,3.0,1.0,2.0,2.0,2.0,0.0,0.0,0.0,1.0,0.0,1.0,0.0,0.0,0.0,0.0,0.0,1.0,0.0,0.0,0.0,1.0,0.0,0.0,0.0,0.0,0.0,0.0,0.0,1.0,0
24.0,1353.0,3.0,1.0,33.0,3.0,2.0,3.0,4999.0,17519.0,21.0,4.0,1.0,1.0,2.0,3.0,2.0,0.0,0.0,0.0,1.0,0.0,0.0,1.0,0.0,0.0,0.0,0.0,1.0,0.0,0.0,0.0,0.0,0.0,0.0,0.0,0.0,1.0,0.0,1.0,0.0,0
29.0,806.0,1.0,2.0,76.0,1.0,1.0,4.0,2720.0,18959.0,18.0,3.0,4.0,1.0,3.0,10.0,7.0,2.0,0.0,1.0,0.0,0.0,1.0,0.0,0.0,1.0,0.0,0.0,0.0,0.0,0.0,0.0,0.0,0.0,0.0,0.0,1.0,0.0,0.0,1.0,0.0,0
27.0,1297.0,5.0,4.0,53.0,3.0,1.0,4.0,2379.0,19826.0,14.0,3.0,3.0,0.0,2.0,5.0,4.0,0.0,0.0,1.0,0.0,0.0,1.0,0.0,0.0,1.0,0.0,0.0,0.0,0.0,0.0,0.0,1.0,0.0,0.0,0.0,0.0,0.0,0.0,0.0,1.0,0
53.0,124.0,2.0,3.0,38.0,2.0,3.0,2.0,7525.0,23537.0,12.0,3.0,1.0,1.0,3.0,15.0,7.0,6.0,0.0,1.0,0.0,0.0,0.0,1.0,0.0,0.0,1.0,0.0,0.0,0.0,0.0,0.0,0.0,0.0,0.0,0.0,0.0,1.0,0.0,1.0,0.0,0
34.0,1320.0,20.0,3.0,89.0,4.0,1.0,3.0,2585.0,21643.0,17.0,3.0,4.0,0.0,2.0,1.0,0.0,0.0,0.0,0.0,1.0,0.0,1.0,0.0,0.0,0.0,0.0,0.0,0.0,1.0,0.0,0.0,0.0,0.0,0.0,0.0,1.0,0.0,0.0,1.0,0.0,0
27.0,798.0,6.0,1.0,66.0,2.0,1.0,3.0,2187.0,5013.0,12.0,3.0,3.0,2.0,2.0,5.0,3.0,0.0,0.0,0.0,1.0,0.0,1.0,0.0,0.0,0.0,0.0,1.0,0.0,0.0,0.0,0.0,0.0,0.0,0.0,0.0,1.0,0.0,0.0,1.0,0.0,0
33.0,775.0,4.0,4.0,90.0,3.0,2.0,2.0,3055.0,6194.0,15.0,3.0,4.0,2.0,2.0,9.0,8.0,1.0,1.0,0.0,0.0,0.0,1.0,0.0,0.0,0.0,0.0,0.0,0.0,1.0,0.0,0.0,0.0,0.0,0.0,0.0,1.0,0.0,0.0,1.0,0.0,0
33.0,536.0,10.0,4.0,82.0,4.0,3.0,3.0,8380.0,21708.0,14.0,3.0,4.0,2.0,3.0,9.0,8.0,0.0,0.0,0.0,1.0,0.0,0.0,1.0,0.0,0.0,1.0,0.0,0.0,0.0,0.0,0.0,0.0,0.0,0.0,0.0,0.0,1.0,0.0,0.0,1.0,0
35.0,1361.0,17.0,3.0,94.0,3.0,2.0,1.0,8966.0,21026.0,15.0,3.0,4.0,3.0,3.0,7.0,7.0,1.0,0.0,0.0,1.0,0.0,0.0,1.0,0.0,1.0,0.0,0.0,0.0,0.0,0.0,0.0,0.0,0.0,0.0,0.0,0.0,1.0,0.0,0.0,1.0,0
32.0,1373.0,5.0,4.0,56.0,2.0,2.0,4.0,9679.0,10138.0,24.0,4.0,2.0,0.0,3.0,1.0,0.0,0.0,0.0,0.0,1.0,0.0,1.0,0.0,0.0,1.0,0.0,0.0,0.0,0.0,0.0,0.0,0.0,0.0,1.0,0.0,0.0,0.0,0.0,1.0,0.0,0
31.0,154.0,7.0,2.0,41.0,2.0,1.0,3.0,2329.0,11737.0,15.0,3.0,2.0,0.0,4.0,7.0,7.0,5.0,0.0,0.0,1.0,0.0,0.0,1.0,0.0,1.0,0.0,0.0,0.0,0.0,0.0,0.0,0.0,0.0,0.0,0.0,0.0,0.0,1.0,1.0,0.0,0
20.0,1141.0,2.0,3.0,31.0,3.0,1.0,3.0,2783.0,13251.0,19.0,3.0,1.0,0.0,3.0,2.0,2.0,2.0,0.0,0.0,1.0,0.0,0.0,1.0,0.0,0.0,0.0,1.0,0.0,0.0,0.0,0.0,0.0,0.0,0.0,0.0,0.0,0.0,1.0,1.0,0.0,0
31.0,408.0,9.0,3.0,42.0,2.0,1.0,2.0,2657.0,7551.0,16.0,3.0,4.0,0.0,3.0,2.0,2.0,2.0,0.0,0.0,1.0,0.0,1.0,0.0,0.0,1.0,0.0,0.0,0.0,0.0,0.0,0.0,0.0,0.0,0.0,0.0,1.0,0.0,0.0,0.0,1.0,0
30.0,1012.0,5.0,2.0,75.0,2.0,1.0,4.0,3761.0,2373.0,12.0,3.0,2.0,1.0,2.0,5.0,4.0,0.0,0.0,1.0,0.0,0.0,1.0,0.0,0.0,1.0,0.0,0.0,0.0,0.0,0.0,0.0,0.0,0.0,0.0,0.0,1.0,0.0,0.0,1.0,0.0,0
57.0,593.0,1.0,4.0,88.0,3.0,2.0,3.0,6755.0,2967.0,11.0,3.0,3.0,0.0,3.0,3.0,2.0,1.0,0.0,0.0,1.0,0.0,1.0,0.0,0.0,0.0,0.0,1.0,0.0,0.0,1.0,0.0,0.0,0.0,0.0,0.0,0.0,0.0,0.0,1.0,0.0,0
31.0,1062.0,24.0,3.0,96.0,2.0,2.0,1.0,6812.0,17198.0,19.0,3.0,2.0,0.0,3.0,10.0,9.0,1.0,0.0,0.0,1.0,0.0,1.0,0.0,0.0,0.0,0.0,1.0,0.0,0.0,1.0,0.0,0.0,0.0,0.0,0.0,0.0,0.0,0.0,1.0,0.0,0
42.0,1271.0,2.0,2.0,35.0,3.0,1.0,4.0,2515.0,9068.0,14.0,3.0,4.0,0.0,3.0,2.0,1.0,2.0,0.0,1.0,0.0,0.0,1.0,0.0,0.0,0.0,0.0,1.0,0.0,0.0,0.0,0.0,0.0,0.0,0.0,0.0,1.0,0.0,0.0,0.0,1.0,0
39.0,117.0,10.0,3.0,99.0,3.0,4.0,1.0,17068.0,5355.0,14.0,3.0,4.0,0.0,3.0,21.0,9.0,11.0,0.0,0.0,1.0,0.0,1.0,0.0,0.0,0.0,0.0,1.0,0.0,0.0,0.0,0.0,0.0,1.0,0.0,0.0,0.0,0.0,0.0,0.0,1.0,0
50.0,333.0,22.0,3.0,88.0,1.0,4.0,4.0,14411.0,24450.0,13.0,3.0,4.0,0.0,3.0,32.0,6.0,13.0,0.0,1.0,0.0,0.0,1.0,0.0,0.0,0.0,0.0,1.0,0.0,0.0,0.0,0.0,0.0,0.0,0.0,1.0,0.0,0.0,0.0,0.0,1.0,0
30.0,413.0,7.0,4.0,57.0,3.0,1.0,2.0,2983.0,18398.0,14.0,3.0,1.0,0.0,3.0,3.0,2.0,1.0,0.0,0.0,1.0,0.0,0.0,1.0,0.0,0.0,1.0,0.0,0.0,0.0,0.0,0.0,0.0,0.0,0.0,0.0,0.0,0.0,1.0,1.0,0.0,0
31.0,798.0,7.0,3.0,48.0,2.0,3.0,3.0,8943.0,14034.0,24.0,4.0,1.0,1.0,3.0,10.0,9.0,8.0,0.0,1.0,0.0,0.0,1.0,0.0,0.0,1.0,0.0,0.0,0.0,0.0,0.0,0.0,0.0,0.0,1.0,0.0,0.0,0.0,0.0,1.0,0.0,0
27.0,1450.0,3.0,3.0,79.0,2.0,1.0,3.0,2566.0,25326.0,15.0,3.0,4.0,1.0,2.0,1.0,1.0,0.0,1.0,0.0,0.0,0.0,1.0,0.0,0.0,0.0,0.0,1.0,0.0,0.0,0.0,0.0,0.0,0.0,0.0,0.0,1.0,0.0,0.0,0.0,1.0,0
38.0,653.0,29.0,4.0,50.0,3.0,2.0,4.0,2406.0,5456.0,11.0,3.0,4.0,0.0,3.0,10.0,3.0,9.0,0.0,1.0,0.0,0.0,1.0,0.0,0.0,1.0,0.0,0.0,0.0,0.0,0.0,0.0,1.0,0.0,0.0,0.0,0.0,0.0,0.0,1.0,0.0,0
29.0,738.0,9.0,2.0,30.0,2.0,1.0,4.0,3983.0,7621.0,17.0,3.0,3.0,0.0,3.0,3.0,2.0,2.0,0.0,0.0,1.0,0.0,1.0,0.0,0.0,0.0,0.0,0.0,1.0,0.0,0.0,0.0,1.0,0.0,0.0,0.0,0.0,0.0,0.0,1.0,0.0,0
54.0,928.0,20.0,4.0,31.0,3.0,2.0,3.0,4869.0,16885.0,12.0,3.0,4.0,0.0,2.0,4.0,3.0,0.0,0.0,1.0,0.0,0.0,1.0,0.0,0.0,1.0,0.0,0.0,0.0,0.0,0.0,0.0,0.0,0.0,0.0,0.0,1.0,0.0,0.0,1.0,0.0,0
27.0,1167.0,4.0,1.0,76.0,3.0,1.0,3.0,2517.0,3208.0,11.0,3.0,2.0,3.0,3.0,5.0,3.0,0.0,0.0,0.0,1.0,0.0,1.0,0.0,0.0,1.0,0.0,0.0,0.0,0.0,0.0,0.0,0.0,0.0,0.0,0.0,1.0,0.0,0.0,1.0,0.0,0
40.0,1322.0,2.0,3.0,52.0,2.0,1.0,3.0,2809.0,2725.0,14.0,3.0,4.0,0.0,3.0,2.0,2.0,2.0,0.0,0.0,1.0,0.0,1.0,0.0,0.0,1.0,0.0,0.0,0.0,0.0,0.0,0.0,0.0,0.0,0.0,0.0,1.0,0.0,0.0,1.0,0.0,0
40.0,898.0,6.0,3.0,38.0,3.0,4.0,4.0,16437.0,17381.0,21.0,4.0,4.0,0.0,3.0,21.0,7.0,7.0,0.0,0.0,1.0,1.0,0.0,0.0,0.0,0.0,0.0,1.0,0.0,0.0,0.0,0.0,0.0,1.0,0.0,0.0,0.0,0.0,0.0,0.0,1.0,0
27.0,1377.0,11.0,2.0,91.0,3.0,1.0,1.0,2099.0,7679.0,14.0,3.0,2.0,0.0,4.0,5.0,0.0,1.0,0.0,0.0,1.0,0.0,1.0,0.0,0.0,1.0,0.0,0.0,0.0,0.0,0.0,0.0,1.0,0.0,0.0,0.0,0.0,0.0,0.0,1.0,0.0,0
49.0,1313.0,11.0,4.0,80.0,3.0,2.0,4.0,4507.0,8191.0,12.0,3.0,3.0,0.0,4.0,5.0,1.0,0.0,0.0,0.0,1.0,0.0,0.0,1.0,0.0,0.0,1.0,0.0,0.0,0.0,0.0,0.0,0.0,0.0,0.0,0.0,0.0,1.0,0.0,1.0,0.0,0
36.0,607.0,7.0,1.0,83.0,4.0,2.0,1.0,4639.0,2261.0,16.0,3.0,4.0,1.0,2.0,15.0,7.0,6.0,0.0,1.0,0.0,0.0,0.0,1.0,0.0,0.0,1.0,0.0,0.0,0.0,0.0,0.0,0.0,0.0,0.0,0.0,0.0,1.0,0.0,1.0,0.0,0
30.0,305.0,16.0,3.0,58.0,4.0,2.0,3.0,5294.0,9128.0,16.0,3.0,3.0,1.0,3.0,7.0,0.0,1.0,0.0,0.0,1.0,0.0,1.0,0.0,0.0,1.0,0.0,0.0,0.0,0.0,1.0,0.0,0.0,0.0,0.0,0.0,0.0,0.0,0.0,1.0,0.0,0
33.0,134.0,2.0,3.0,90.0,3.0,1.0,4.0,2500.0,10515.0,14.0,3.0,1.0,0.0,4.0,3.0,1.0,0.0,0.0,0.0,1.0,0.0,1.0,0.0,0.0,1.0,0.0,0.0,0.0,0.0,0.0,0.0,0.0,0.0,0.0,0.0,1.0,0.0,0.0,1.0,0.0,0
40.0,530.0,1.0,3.0,78.0,2.0,4.0,2.0,13503.0,14115.0,22.0,4.0,4.0,1.0,2.0,22.0,3.0,11.0,0.0,1.0,0.0,0.0,1.0,0.0,0.0,1.0,0.0,0.0,0.0,0.0,1.0,0.0,0.0,0.0,0.0,0.0,0.0,0.0,0.0,1.0,0.0,0
28.0,280.0,1.0,3.0,43.0,3.0,1.0,4.0,2706.0,10494.0,15.0,3.0,2.0,1.0,3.0,3.0,2.0,2.0,1.0,0.0,0.0,1.0,0.0,0.0,0.0,1.0,0.0,0.0,0.0,0.0,0.0,1.0,0.0,0.0,0.0,0.0,0.0,0.0,0.0,1.0,0.0,0
26.0,192.0,1.0,1.0,59.0,2.0,1.0,1.0,3955.0,11141.0,16.0,3.0,1.0,2.0,3.0,5.0,3.0,1.0,0.0,0.0,1.0,0.0,1.0,0.0,0.0,0.0,0.0,1.0,0.0,0.0,0.0,0.0,1.0,0.0,0.0,0.0,0.0,0.0,0.0,1.0,0.0,0
42.0,1147.0,10.0,3.0,31.0,3.0,4.0,1.0,16799.0,16616.0,14.0,3.0,3.0,1.0,3.0,20.0,7.0,0.0,0.0,0.0,1.0,1.0,0.0,0.0,1.0,0.0,0.0,0.0,0.0,0.0,0.0,0.0,0.0,1.0,0.0,0.0,0.0,0.0,0.0,1.0,0.0,0
40.0,1124.0,1.0,2.0,57.0,1.0,2.0,4.0,7457.0,13273.0,22.0,4.0,3.0,3.0,2.0,4.0,3.0,0.0,0.0,0.0,1.0,0.0,0.0,1.0,0.0,0.0,0.0,1.0,0.0,0.0,0.0,0.0,0.0,0.0,0.0,0.0,0.0,1.0,0.0,0.0,1.0,0
32.0,824.0,5.0,4.0,67.0,2.0,2.0,2.0,5878.0,15624.0,12.0,3.0,1.0,1.0,3.0,7.0,1.0,2.0,0.0,0.0,1.0,0.0,1.0,0.0,0.0,1.0,0.0,0.0,0.0,0.0,0.0,0.0,0.0,0.0,0.0,0.0,1.0,0.0,0.0,1.0,0.0,0
32.0,801.0,1.0,3.0,48.0,3.0,3.0,4.0,10422.0,24032.0,19.0,3.0,3.0,2.0,3.0,14.0,10.0,5.0,0.0,0.0,1.0,0.0,0.0,1.0,0.0,0.0,1.0,0.0,0.0,0.0,0.0,0.0,0.0,0.0,0.0,0.0,0.0,1.0,0.0,1.0,0.0,0
55.0,177.0,8.0,4.0,37.0,2.0,4.0,2.0,13577.0,25592.0,15.0,3.0,4.0,1.0,3.0,33.0,9.0,15.0,1.0,0.0,0.0,0.0,1.0,0.0,0.0,0.0,0.0,1.0,0.0,0.0,1.0,0.0,0.0,0.0,0.0,0.0,0.0,0.0,0.0,0.0,1.0,0
29.0,1378.0,13.0,4.0,46.0,2.0,2.0,2.0,4025.0,23679.0,13.0,3.0,1.0,1.0,3.0,4.0,3.0,0.0,0.0,0.0,1.0,0.0,1.0,0.0,0.0,0.0,0.0,0.0,1.0,0.0,0.0,0.0,1.0,0.0,0.0,0.0,0.0,0.0,0.0,0.0,1.0,0
44.0,489.0,23.0,2.0,67.0,3.0,2.0,2.0,2042.0,25043.0,12.0,3.0,3.0,1.0,4.0,3.0,2.0,1.0,1.0,0.0,0.0,0.0,1.0,0.0,0.0,0.0,0.0,1.0,0.0,0.0,0.0,0.0,1.0,0.0,0.0,0.0,0.0,0.0,0.0,1.0,0.0,0
39.0,105.0,9.0,4.0,87.0,3.0,5.0,4.0,19431.0,15302.0,13.0,3.0,3.0,0.0,2.0,6.0,0.0,1.0,1.0,0.0,0.0,0.0,1.0,0.0,0.0,1.0,0.0,0.0,0.0,0.0,0.0,0.0,0.0,1.0,0.0,0.0,0.0,0.0,0.0,1.0,0.0,0
45.0,1339.0,7.0,2.0,59.0,3.0,3.0,1.0,9724.0,18787.0,17.0,3.0,3.0,1.0,3.0,1.0,0.0,0.0,0.0,0.0,1.0,0.0,1.0,0.0,0.0,1.0,0.0,0.0,0.0,0.0,0.0,0.0,0.0,0.0,0.0,0.0,1.0,0.0,0.0,1.0,0.0,0
34.0,1111.0,8.0,3.0,93.0,3.0,2.0,1.0,6500.0,13305.0,17.0,3.0,2.0,1.0,3.0,3.0,2.0,1.0,0.0,0.0,1.0,0.0,0.0,1.0,0.0,1.0,0.0,0.0,0.0,0.0,0.0,0.0,0.0,0.0,0.0,0.0,0.0,1.0,0.0,1.0,0.0,0
38.0,471.0,12.0,1.0,45.0,2.0,2.0,1.0,6288.0,4284.0,15.0,3.0,3.0,1.0,2.0,4.0,3.0,1.0,0.0,1.0,0.0,0.0,1.0,0.0,0.0,1.0,0.0,0.0,0.0,0.0,1.0,0.0,0.0,0.0,0.0,0.0,0.0,0.0,0.0,1.0,0.0,0
34.0,1381.0,4.0,3.0,72.0,3.0,2.0,3.0,6538.0,12740.0,15.0,3.0,1.0,1.0,3.0,3.0,2.0,1.0,1.0,0.0,0.0,0.0,0.0,1.0,0.0,0.0,1.0,0.0,0.0,0.0,0.0,0.0,0.0,0.0,0.0,0.0,0.0,1.0,0.0,1.0,0.0,0
50.0,1207.0,28.0,4.0,74.0,4.0,1.0,3.0,3221.0,3297.0,11.0,3.0,3.0,3.0,3.0,20.0,8.0,3.0,0.0,0.0,1.0,0.0,1.0,0.0,0.0,0.0,0.0,1.0,0.0,0.0,0.0,0.0,1.0,0.0,0.0,0.0,0.0,0.0,0.0,0.0,1.0,0
35.0,607.0,9.0,4.0,66.0,2.0,3.0,3.0,10685.0,23457.0,20.0,4.0,2.0,1.0,3.0,17.0,14.0,5.0,0.0,0.0,1.0,0.0,1.0,0.0,0.0,1.0,0.0,0.0,0.0,0.0,0.0,0.0,0.0,0.0,1.0,0.0,0.0,0.0,0.0,0.0,1.0,0
36.0,429.0,2.0,3.0,53.0,3.0,2.0,2.0,5410.0,2323.0,11.0,3.0,4.0,0.0,3.0,16.0,14.0,5.0,0.0,0.0,1.0,0.0,1.0,0.0,0.0,1.0,0.0,0.0,0.0,0.0,0.0,0.0,0.0,0.0,1.0,0.0,0.0,0.0,0.0,0.0,1.0,0
58.0,605.0,21.0,4.0,72.0,3.0,4.0,4.0,17875.0,11761.0,13.0,3.0,3.0,1.0,2.0,1.0,0.0,0.0,0.0,0.0,1.0,0.0,0.0,1.0,0.0,1.0,0.0,0.0,0.0,0.0,0.0,0.0,0.0,1.0,0.0,0.0,0.0,0.0,0.0,0.0,1.0,0
38.0,168.0,1.0,3.0,81.0,3.0,3.0,3.0,7861.0,15397.0,14.0,3.0,4.0,0.0,4.0,1.0,0.0,0.0,0.0,0.0,1.0,0.0,1.0,0.0,0.0,1.0,0.0,0.0,0.0,0.0,0.0,0.0,0.0,0.0,1.0,0.0,0.0,0.0,0.0,0.0,1.0,0
28.0,640.0,1.0,4.0,84.0,3.0,1.0,1.0,2080.0,4732.0,11.0,3.0,2.0,0.0,2.0,3.0,2.0,1.0,0.0,0.0,1.0,0.0,1.0,0.0,0.0,0.0,0.0,0.0,0.0,1.0,0.0,0.0,0.0,0.0,0.0,0.0,1.0,0.0,0.0,1.0,0.0,0
33.0,586.0,1.0,1.0,48.0,4.0,2.0,1.0,4037.0,21816.0,22.0,4.0,1.0,1.0,3.0,9.0,8.0,0.0,0.0,0.0,1.0,0.0,0.0,1.0,0.0,0.0,0.0,1.0,0.0,0.0,0.0,0.0,0.0,0.0,0.0,0.0,0.0,1.0,0.0,1.0,0.0,0
35.0,1212.0,8.0,3.0,78.0,2.0,3.0,4.0,10377.0,13755.0,11.0,3.0,2.0,1.0,2.0,13.0,2.0,4.0,1.0,0.0,0.0,0.0,0.0,1.0,0.0,0.0,1.0,0.0,0.0,0.0,0.0,0.0,0.0,0.0,0.0,0.0,0.0,1.0,0.0,0.0,1.0,0
35.0,1029.0,16.0,4.0,91.0,2.0,3.0,2.0,8606.0,21195.0,19.0,3.0,4.0,0.0,1.0,11.0,8.0,3.0,0.0,0.0,1.0,0.0,1.0,0.0,0.0,1.0,0.0,0.0,0.0,0.0,1.0,0.0,0.0,0.0,0.0,0.0,0.0,0.0,0.0,1.0,0.0,0
45.0,1448.0,29.0,2.0,55.0,3.0,3.0,4.0,9380.0,14720.0,18.0,3.0,4.0,2.0,4.0,3.0,1.0,1.0,0.0,0.0,1.0,0.0,1.0,0.0,0.0,0.0,0.0,0.0,0.0,1.0,0.0,0.0,0.0,0.0,1.0,0.0,0.0,0.0,0.0,0.0,1.0,0
28.0,950.0,3.0,4.0,93.0,3.0,3.0,2.0,7655.0,8039.0,17.0,3.0,2.0,3.0,2.0,9.0,7.0,1.0,0.0,0.0,1.0,0.0,1.0,0.0,0.0,0.0,0.0,1.0,0.0,0.0,0.0,0.0,0.0,0.0,1.0,0.0,0.0,0.0,0.0,1.0,0.0,0
37.0,228.0,6.0,3.0,98.0,3.0,2.0,4.0,6502.0,22825.0,14.0,3.0,2.0,1.0,4.0,5.0,4.0,0.0,0.0,0.0,1.0,0.0,0.0,1.0,0.0,0.0,0.0,1.0,0.0,0.0,0.0,0.0,0.0,0.0,0.0,0.0,0.0,1.0,0.0,1.0,0.0,0
40.0,1469.0,9.0,4.0,35.0,3.0,1.0,2.0,3617.0,25063.0,14.0,3.0,4.0,1.0,3.0,1.0,1.0,0.0,0.0,1.0,0.0,0.0,1.0,0.0,0.0,0.0,0.0,1.0,0.0,0.0,0.0,0.0,0.0,0.0,0.0,0.0,1.0,0.0,0.0,0.0,1.0,0
22.0,581.0,1.0,4.0,63.0,3.0,1.0,3.0,3375.0,17624.0,12.0,3.0,4.0,0.0,4.0,3.0,2.0,1.0,0.0,0.0,1.0,0.0,1.0,0.0,0.0,1.0,0.0,0.0,0.0,0.0,0.0,0.0,0.0,0.0,0.0,0.0,1.0,0.0,0.0,1.0,0.0,0
42.0,462.0,14.0,3.0,68.0,2.0,2.0,3.0,6244.0,7824.0,17.0,3.0,1.0,0.0,3.0,5.0,4.0,0.0,0.0,0.0,1.0,0.0,0.0,1.0,0.0,0.0,0.0,1.0,0.0,0.0,0.0,0.0,0.0,0.0,0.0,0.0,0.0,1.0,0.0,1.0,0.0,0
28.0,467.0,7.0,3.0,55.0,3.0,2.0,1.0,4898.0,11827.0,14.0,3.0,4.0,0.0,3.0,4.0,2.0,1.0,0.0,1.0,0.0,0.0,0.0,1.0,0.0,1.0,0.0,0.0,0.0,0.0,0.0,0.0,0.0,0.0,0.0,0.0,0.0,1.0,0.0,1.0,0.0,0
40.0,444.0,2.0,2.0,92.0,3.0,2.0,2.0,5677.0,4258.0,14.0,3.0,3.0,1.0,3.0,11.0,8.0,5.0,0.0,0.0,1.0,0.0,0.0,1.0,0.0,0.0,1.0,0.0,0.0,0.0,0.0,0.0,0.0,0.0,0.0,0.0,0.0,1.0,0.0,1.0,0.0,0
47.0,1001.0,4.0,3.0,92.0,2.0,3.0,2.0,10333.0,19271.0,12.0,3.0,3.0,1.0,3.0,22.0,11.0,14.0,0.0,0.0,1.0,0.0,1.0,0.0,0.0,1.0,0.0,0.0,0.0,0.0,0.0,0.0,0.0,0.0,1.0,0.0,0.0,0.0,0.0,0.0,1.0,0
29.0,144.0,10.0,4.0,39.0,2.0,2.0,2.0,8268.0,11866.0,14.0,3.0,1.0,2.0,3.0,7.0,7.0,1.0,0.0,0.0,1.0,0.0,0.0,1.0,0.0,0.0,1.0,0.0,0.0,0.0,0.0,0.0,0.0,0.0,0.0,0.0,0.0,1.0,0.0,0.0,1.0,0
31.0,329.0,1.0,4.0,98.0,2.0,1.0,1.0,2218.0,16193.0,12.0,3.0,3.0,1.0,3.0,4.0,2.0,3.0,0.0,0.0,1.0,0.0,1.0,0.0,0.0,1.0,0.0,0.0,0.0,0.0,0.0,0.0,1.0,0.0,0.0,0.0,0.0,0.0,0.0,1.0,0.0,0
42.0,916.0,17.0,4.0,82.0,4.0,2.0,1.0,6545.0,23016.0,13.0,3.0,3.0,0.0,3.0,3.0,2.0,0.0,0.0,0.0,1.0,0.0,1.0,0.0,0.0,1.0,0.0,0.0,0.0,0.0,0.0,0.0,0.0,0.0,0.0,0.0,1.0,0.0,0.0,0.0,1.0,0
25.0,949.0,1.0,1.0,81.0,3.0,1.0,4.0,3229.0,4910.0,11.0,3.0,2.0,1.0,2.0,3.0,2.0,0.0,0.0,0.0,1.0,0.0,1.0,0.0,0.0,0.0,0.0,0.0,0.0,1.0,0.0,0.0,1.0,0.0,0.0,0.0,0.0,0.0,0.0,1.0,0.0,0
35.0,682.0,18.0,2.0,71.0,3.0,2.0,1.0,5561.0,15975.0,16.0,3.0,4.0,1.0,1.0,5.0,3.0,0.0,0.0,0.0,1.0,0.0,0.0,1.0,0.0,0.0,0.0,1.0,0.0,0.0,0.0,0.0,0.0,0.0,0.0,0.0,0.0,1.0,0.0,1.0,0.0,0
30.0,1288.0,29.0,3.0,33.0,3.0,3.0,2.0,9250.0,17799.0,12.0,3.0,2.0,1.0,3.0,4.0,2.0,1.0,0.0,0.0,1.0,0.0,0.0,1.0,0.0,0.0,0.0,0.0,0.0,1.0,0.0,0.0,0.0,0.0,0.0,0.0,0.0,1.0,0.0,1.0,0.0,0
52.0,956.0,6.0,4.0,78.0,3.0,2.0,1.0,5577.0,22087.0,12.0,3.0,2.0,2.0,3.0,10.0,9.0,6.0,0.0,0.0,1.0,0.0,1.0,0.0,0.0,0.0,0.0,0.0,0.0,1.0,0.0,0.0,0.0,0.0,0.0,0.0,1.0,0.0,0.0,0.0,1.0,0
22.0,604.0,6.0,1.0,69.0,3.0,1.0,3.0,2773.0,12145.0,20.0,4.0,4.0,0.0,3.0,2.0,2.0,2.0,0.0,0.0,1.0,0.0,1.0,0.0,0.0,0.0,0.0,1.0,0.0,0.0,0.0,0.0,0.0,0.0,0.0,0.0,1.0,0.0,0.0,1.0,0.0,0
42.0,300.0,2.0,1.0,56.0,3.0,5.0,3.0,18880.0,17312.0,11.0,3.0,1.0,0.0,2.0,22.0,6.0,4.0,0.0,0.0,1.0,0.0,1.0,0.0,0.0,1.0,0.0,0.0,0.0,0.0,0.0,0.0,0.0,1.0,0.0,0.0,0.0,0.0,0.0,1.0,0.0,0
26.0,1443.0,23.0,3.0,47.0,2.0,2.0,4.0,4157.0,21436.0,19.0,3.0,3.0,1.0,2.0,2.0,2.0,0.0,0.0,0.0,1.0,0.0,0.0,1.0,0.0,0.0,1.0,0.0,0.0,0.0,0.0,0.0,0.0,0.0,0.0,0.0,0.0,1.0,0.0,0.0,1.0,0
30.0,153.0,8.0,2.0,73.0,4.0,3.0,1.0,11416.0,17802.0,12.0,3.0,3.0,3.0,2.0,8.0,7.0,1.0,0.0,0.0,1.0,0.0,1.0,0.0,0.0,1.0,0.0,0.0,0.0,0.0,0.0,0.0,0.0,0.0,0.0,1.0,0.0,0.0,0.0,0.0,1.0,0
27.0,1242.0,20.0,4.0,90.0,3.0,2.0,3.0,9981.0,12916.0,14.0,3.0,4.0,0.0,3.0,7.0,7.0,0.0,0.0,1.0,0.0,0.0,0.0,1.0,0.0,1.0,0.0,0.0,0.0,0.0,0.0,0.0,0.0,0.0,0.0,0.0,0.0,1.0,0.0,1.0,0.0,0
42.0,335.0,23.0,4.0,37.0,2.0,2.0,3.0,4332.0,14811.0,12.0,3.0,4.0,0.0,3.0,20.0,9.0,3.0,1.0,0.0,0.0,0.0,1.0,0.0,0.0,1.0,0.0,0.0,0.0,0.0,0.0,0.0,0.0,0.0,0.0,0.0,1.0,0.0,0.0,1.0,0.0,0
38.0,371.0,2.0,4.0,45.0,3.0,1.0,4.0,3944.0,4306.0,11.0,3.0,3.0,0.0,3.0,3.0,2.0,1.0,0.0,0.0,1.0,0.0,1.0,0.0,0.0,1.0,0.0,0.0,0.0,0.0,0.0,0.0,0.0,0.0,0.0,0.0,1.0,0.0,0.0,0.0,1.0,0
40.0,905.0,19.0,3.0,99.0,3.0,2.0,4.0,2741.0,16523.0,15.0,3.0,3.0,1.0,4.0,7.0,2.0,3.0,0.0,0.0,1.0,0.0,1.0,0.0,0.0,0.0,0.0,1.0,0.0,0.0,0.0,0.0,1.0,0.0,0.0,0.0,0.0,0.0,0.0,0.0,1.0,0
32.0,128.0,2.0,4.0,84.0,2.0,2.0,1.0,2176.0,19737.0,13.0,3.0,4.0,0.0,3.0,6.0,2.0,0.0,0.0,0.0,1.0,0.0,1.0,0.0,0.0,0.0,0.0,0.0,0.0,1.0,0.0,0.0,1.0,0.0,0.0,0.0,0.0,0.0,0.0,1.0,0.0,0
37.0,889.0,9.0,2.0,53.0,3.0,1.0,4.0,2326.0,11411.0,12.0,3.0,3.0,3.0,2.0,4.0,2.0,1.0,0.0,1.0,0.0,0.0,1.0,0.0,0.0,0.0,0.0,1.0,0.0,0.0,0.0,0.0,0.0,0.0,0.0,0.0,1.0,0.0,0.0,0.0,1.0,0
39.0,792.0,1.0,4.0,77.0,3.0,2.0,4.0,6472.0,8989.0,15.0,3.0,4.0,1.0,3.0,9.0,8.0,5.0,1.0,0.0,0.0,0.0,1.0,0.0,0.0,1.0,0.0,0.0,0.0,0.0,0.0,0.0,1.0,0.0,0.0,0.0,0.0,0.0,0.0,0.0,1.0,0
32.0,1200.0,1.0,4.0,62.0,3.0,2.0,1.0,4087.0,25174.0,14.0,3.0,2.0,1.0,2.0,6.0,5.0,1.0,1.0,0.0,0.0,0.0,1.0,0.0,0.0,0.0,0.0,0.0,0.0,1.0,0.0,0.0,0.0,0.0,0.0,0.0,1.0,0.0,0.0,1.0,0.0,0
36.0,1105.0,24.0,2.0,47.0,3.0,2.0,2.0,5674.0,6927.0,15.0,3.0,3.0,1.0,3.0,9.0,8.0,0.0,1.0,0.0,0.0,0.0,1.0,0.0,0.0,1.0,0.0,0.0,0.0,0.0,0.0,0.0,1.0,0.0,0.0,0.0,0.0,0.0,0.0,1.0,0.0,0
49.0,1002.0,18.0,4.0,92.0,3.0,2.0,4.0,6804.0,23793.0,15.0,3.0,1.0,2.0,3.0,7.0,7.0,1.0,1.0,0.0,0.0,0.0,1.0,0.0,0.0,1.0,0.0,0.0,0.0,0.0,0.0,0.0,0.0,0.0,1.0,0.0,0.0,0.0,0.0,0.0,1.0,0
28.0,866.0,5.0,4.0,84.0,3.0,2.0,1.0,8463.0,23490.0,18.0,3.0,4.0,0.0,3.0,5.0,4.0,1.0,0.0,0.0,1.0,0.0,0.0,1.0,0.0,0.0,0.0,1.0,0.0,0.0,0.0,0.0,0.0,0.0,0.0,0.0,0.0,1.0,0.0,1.0,0.0,0
25.0,883.0,26.0,3.0,32.0,3.0,2.0,4.0,6180.0,22807.0,23.0,4.0,2.0,0.0,2.0,6.0,5.0,1.0,0.0,0.0,1.0,0.0,0.0,1.0,0.0,0.0,0.0,1.0,0.0,0.0,0.0,0.0,0.0,0.0,0.0,0.0,0.0,1.0,0.0,1.0,0.0,0
38.0,216.0,23.0,4.0,44.0,2.0,3.0,3.0,9526.0,8787.0,21.0,4.0,2.0,0.0,3.0,9.0,7.0,1.0,0.0,1.0,0.0,0.0,1.0,0.0,0.0,1.0,0.0,0.0,0.0,0.0,0.0,0.0,0.0,0.0,1.0,0.0,0.0,0.0,0.0,1.0,0.0,0
38.0,1391.0,10.0,3.0,66.0,3.0,1.0,3.0,2684.0,12127.0,17.0,3.0,2.0,1.0,2.0,2.0,1.0,0.0,0.0,1.0,0.0,0.0,1.0,0.0,0.0,0.0,0.0,1.0,0.0,0.0,0.0,0.0,0.0,0.0,0.0,0.0,1.0,0.0,0.0,1.0,0.0,0
35.0,1395.0,9.0,2.0,48.0,3.0,2.0,3.0,5098.0,18698.0,19.0,3.0,2.0,0.0,3.0,10.0,7.0,0.0,0.0,0.0,1.0,0.0,1.0,0.0,0.0,0.0,0.0,1.0,0.0,0.0,0.0,0.0,0.0,0.0,0.0,0.0,1.0,0.0,0.0,1.0,0.0,0
31.0,691.0,5.0,3.0,86.0,3.0,1.0,4.0,4821.0,10077.0,12.0,3.0,3.0,1.0,3.0,5.0,2.0,0.0,0.0,0.0,1.0,0.0,1.0,0.0,0.0,0.0,0.0,0.0,0.0,1.0,0.0,0.0,0.0,0.0,0.0,0.0,1.0,0.0,0.0,0.0,1.0,0
28.0,773.0,6.0,3.0,39.0,2.0,1.0,3.0,2703.0,22088.0,14.0,3.0,4.0,1.0,3.0,3.0,1.0,0.0,0.0,1.0,0.0,0.0,1.0,0.0,0.0,1.0,0.0,0.0,0.0,0.0,0.0,0.0,0.0,0.0,0.0,0.0,1.0,0.0,0.0,0.0,1.0,0
52.0,715.0,19.0,4.0,41.0,3.0,1.0,4.0,4258.0,26589.0,18.0,3.0,1.0,1.0,3.0,4.0,3.0,1.0,1.0,0.0,0.0,0.0,1.0,0.0,0.0,0.0,0.0,1.0,0.0,0.0,0.0,0.0,0.0,0.0,0.0,0.0,1.0,0.0,0.0,1.0,0.0,0
46.0,406.0,3.0,1.0,52.0,3.0,4.0,3.0,17465.0,15596.0,12.0,3.0,4.0,1.0,3.0,12.0,9.0,4.0,0.0,0.0,1.0,0.0,0.0,1.0,0.0,0.0,1.0,0.0,0.0,0.0,0.0,0.0,0.0,1.0,0.0,0.0,0.0,0.0,0.0,1.0,0.0,0
34.0,1442.0,9.0,4.0,46.0,2.0,3.0,2.0,8621.0,17654.0,14.0,3.0,2.0,0.0,4.0,8.0,7.0,7.0,0.0,0.0,1.0,0.0,1.0,0.0,0.0,0.0,0.0,1.0,0.0,0.0,1.0,0.0,0.0,0.0,0.0,0.0,0.0,0.0,0.0,1.0,0.0,0
52.0,621.0,3.0,3.0,31.0,2.0,4.0,1.0,16856.0,10084.0,11.0,3.0,1.0,0.0,4.0,34.0,6.0,1.0,0.0,0.0,1.0,0.0,0.0,1.0,0.0,0.0,1.0,0.0,0.0,0.0,0.0,0.0,0.0,1.0,0.0,0.0,0.0,0.0,0.0,1.0,0.0,0
35.0,660.0,7.0,4.0,76.0,3.0,1.0,3.0,2404.0,16192.0,13.0,3.0,1.0,1.0,3.0,1.0,0.0,0.0,0.0,0.0,1.0,0.0,0.0,1.0,0.0,1.0,0.0,0.0,0.0,0.0,0.0,0.0,0.0,0.0,0.0,0.0,0.0,0.0,1.0,1.0,0.0,0
45.0,1015.0,5.0,3.0,50.0,1.0,2.0,1.0,5769.0,23447.0,14.0,3.0,1.0,0.0,3.0,10.0,7.0,1.0,0.0,0.0,1.0,0.0,1.0,0.0,0.0,0.0,0.0,1.0,0.0,0.0,0.0,0.0,1.0,0.0,0.0,0.0,0.0,0.0,0.0,0.0,1.0,0
25.0,1280.0,7.0,4.0,64.0,2.0,1.0,4.0,2889.0,26897.0,11.0,3.0,3.0,2.0,3.0,2.0,2.0,2.0,0.0,0.0,1.0,0.0,1.0,0.0,0.0,0.0,0.0,1.0,0.0,0.0,0.0,0.0,0.0,0.0,0.0,0.0,1.0,0.0,0.0,1.0,0.0,0
58.0,390.0,1.0,4.0,32.0,1.0,2.0,3.0,5660.0,17056.0,13.0,3.0,4.0,1.0,3.0,5.0,3.0,1.0,1.0,0.0,0.0,0.0,1.0,0.0,0.0,1.0,0.0,0.0,0.0,0.0,1.0,0.0,0.0,0.0,0.0,0.0,0.0,0.0,0.0,0.0,1.0,0
51.0,833.0,1.0,3.0,96.0,3.0,1.0,4.0,2723.0,23231.0,11.0,3.0,2.0,0.0,2.0,1.0,0.0,0.0,0.0,0.0,1.0,0.0,1.0,0.0,0.0,1.0,0.0,0.0,0.0,0.0,0.0,0.0,0.0,0.0,0.0,0.0,1.0,0.0,0.0,1.0,0.0,0
36.0,852.0,5.0,2.0,82.0,2.0,1.0,1.0,3419.0,13072.0,14.0,3.0,4.0,1.0,4.0,1.0,1.0,0.0,0.0,0.0,1.0,0.0,1.0,0.0,0.0,1.0,0.0,0.0,0.0,0.0,0.0,0.0,0.0,0.0,0.0,0.0,1.0,0.0,0.0,0.0,1.0,0
28.0,1157.0,2.0,1.0,84.0,1.0,1.0,4.0,3464.0,24737.0,13.0,3.0,4.0,0.0,2.0,3.0,2.0,2.0,0.0,0.0,1.0,0.0,1.0,0.0,0.0,0.0,0.0,1.0,0.0,0.0,0.0,0.0,0.0,0.0,0.0,0.0,1.0,0.0,0.0,0.0,1.0,1
36.0,1218.0,9.0,3.0,82.0,2.0,1.0,1.0,3407.0,6986.0,23.0,4.0,2.0,0.0,3.0,5.0,3.0,0.0,0.0,0.0,1.0,0.0,0.0,1.0,0.0,1.0,0.0,0.0,0.0,0.0,0.0,0.0,0.0,0.0,0.0,0.0,0.0,0.0,1.0,1.0,0.0,1
19.0,303.0,2.0,2.0,47.0,2.0,1.0,4.0,1102.0,9241.0,22.0,4.0,3.0,0.0,2.0,1.0,0.0,1.0,0.0,0.0,1.0,0.0,1.0,0.0,0.0,1.0,0.0,0.0,0.0,0.0,0.0,0.0,1.0,0.0,0.0,0.0,0.0,0.0,0.0,1.0,0.0,1
44.0,621.0,15.0,1.0,73.0,3.0,3.0,4.0,7978.0,14075.0,11.0,3.0,4.0,1.0,3.0,10.0,7.0,0.0,0.0,0.0,1.0,0.0,1.0,0.0,0.0,0.0,0.0,1.0,0.0,0.0,1.0,0.0,0.0,0.0,0.0,0.0,0.0,0.0,0.0,1.0,0.0,1
52.0,723.0,8.0,3.0,85.0,2.0,2.0,2.0,4941.0,17747.0,15.0,3.0,1.0,0.0,2.0,8.0,2.0,7.0,0.0,0.0,1.0,0.0,1.0,0.0,0.0,0.0,0.0,1.0,0.0,0.0,0.0,0.0,0.0,0.0,0.0,0.0,1.0,0.0,0.0,1.0,0.0,1
33.0,1277.0,15.0,2.0,56.0,3.0,3.0,3.0,13610.0,24619.0,12.0,3.0,4.0,0.0,4.0,7.0,6.0,7.0,0.0,0.0,1.0,0.0,1.0,0.0,0.0,0.0,0.0,1.0,0.0,0.0,0.0,0.0,0.0,1.0,0.0,0.0,0.0,0.0,0.0,0.0,1.0,1
38.0,903.0,2.0,3.0,81.0,3.0,2.0,2.0,4855.0,7653.0,11.0,3.0,1.0,2.0,3.0,5.0,2.0,1.0,0.0,0.0,1.0,0.0,1.0,0.0,0.0,0.0,0.0,1.0,0.0,0.0,0.0,0.0,0.0,0.0,1.0,0.0,0.0,0.0,0.0,1.0,0.0,1
30.0,740.0,1.0,2.0,64.0,2.0,2.0,1.0,9714.0,5323.0,11.0,3.0,4.0,1.0,3.0,10.0,8.0,6.0,0.0,0.0,1.0,0.0,0.0,1.0,0.0,1.0,0.0,0.0,0.0,0.0,0.0,0.0,0.0,0.0,0.0,0.0,0.0,1.0,0.0,1.0,0.0,1
25.0,1219.0,4.0,4.0,32.0,3.0,1.0,4.0,3691.0,4605.0,15.0,3.0,2.0,1.0,4.0,7.0,7.0,5.0,0.0,0.0,1.0,0.0,1.0,0.0,0.0,0.0,0.0,0.0,0.0,1.0,0.0,0.0,1.0,0.0,0.0,0.0,0.0,0.0,0.0,0.0,1.0,1
26.0,1449.0,16.0,1.0,45.0,3.0,1.0,2.0,2373.0,14180.0,13.0,3.0,4.0,1.0,3.0,3.0,2.0,0.0,0.0,0.0,1.0,0.0,1.0,0.0,0.0,0.0,0.0,1.0,0.0,0.0,0.0,0.0,1.0,0.0,0.0,0.0,0.0,0.0,0.0,0.0,1.0,1
39.0,203.0,2.0,1.0,84.0,3.0,4.0,4.0,12169.0,13547.0,11.0,3.0,4.0,3.0,3.0,18.0,7.0,11.0,0.0,1.0,0.0,0.0,1.0,0.0,0.0,1.0,0.0,0.0,0.0,0.0,1.0,0.0,0.0,0.0,0.0,0.0,0.0,0.0,0.0,1.0,0.0,1
20.0,871.0,6.0,4.0,66.0,2.0,1.0,4.0,2926.0,19783.0,18.0,3.0,2.0,0.0,3.0,1.0,0.0,1.0,0.0,1.0,0.0,0.0,1.0,0.0,0.0,1.0,0.0,0.0,0.0,0.0,0.0,0.0,1.0,0.0,0.0,0.0,0.0,0.0,0.0,0.0,1.0,1
39.0,895.0,5.0,4.0,56.0,3.0,2.0,4.0,2086.0,3335.0,14.0,3.0,3.0,1.0,4.0,1.0,0.0,0.0,0.0,0.0,1.0,0.0,0.0,1.0,0.0,0.0,0.0,0.0,0.0,1.0,0.0,0.0,0.0,0.0,0.0,0.0,0.0,0.0,1.0,1.0,0.0,1
28.0,1404.0,17.0,3.0,32.0,2.0,1.0,4.0,2367.0,18779.0,12.0,3.0,1.0,1.0,2.0,4.0,1.0,0.0,0.0,0.0,1.0,0.0,1.0,0.0,0.0,0.0,0.0,0.0,0.0,1.0,0.0,0.0,1.0,0.0,0.0,0.0,0.0,0.0,0.0,1.0,0.0,1
44.0,920.0,24.0,4.0,43.0,3.0,1.0,3.0,3161.0,19920.0,22.0,4.0,4.0,1.0,1.0,1.0,0.0,0.0,0.0,1.0,0.0,0.0,1.0,0.0,0.0,1.0,0.0,0.0,0.0,0.0,0.0,0.0,1.0,0.0,0.0,0.0,0.0,0.0,0.0,0.0,1.0,1
29.0,408.0,23.0,4.0,45.0,2.0,3.0,1.0,7336.0,11162.0,13.0,3.0,1.0,1.0,1.0,11.0,8.0,3.0,0.0,0.0,1.0,0.0,0.0,1.0,0.0,1.0,0.0,0.0,0.0,0.0,0.0,0.0,0.0,0.0,0.0,0.0,0.0,1.0,0.0,1.0,0.0,1
52.0,266.0,2.0,1.0,57.0,1.0,5.0,4.0,19845.0,25846.0,15.0,3.0,4.0,1.0,3.0,32.0,14.0,6.0,0.0,0.0,1.0,0.0,0.0,1.0,0.0,0.0,1.0,0.0,0.0,0.0,0.0,0.0,0.0,1.0,0.0,0.0,0.0,0.0,0.0,1.0,0.0,1
32.0,1045.0,4.0,4.0,32.0,1.0,3.0,4.0,10400.0,25812.0,11.0,3.0,3.0,0.0,2.0,14.0,8.0,9.0,0.0,0.0,1.0,0.0,0.0,1.0,0.0,0.0,0.0,1.0,0.0,0.0,0.0,0.0,0.0,0.0,0.0,0.0,0.0,1.0,0.0,1.0,0.0,1
29.0,337.0,14.0,3.0,84.0,3.0,3.0,4.0,7553.0,22930.0,12.0,3.0,1.0,0.0,3.0,8.0,7.0,7.0,0.0,1.0,0.0,0.0,1.0,0.0,0.0,0.0,0.0,0.0,1.0,0.0,1.0,0.0,0.0,0.0,0.0,0.0,0.0,0.0,0.0,0.0,1.0,1
31.0,1445.0,1.0,3.0,100.0,4.0,3.0,2.0,7446.0,8931.0,11.0,3.0,1.0,0.0,3.0,10.0,8.0,4.0,0.0,1.0,0.0,0.0,1.0,0.0,0.0,1.0,0.0,0.0,0.0,0.0,0.0,0.0,0.0,0.0,1.0,0.0,0.0,0.0,0.0,1.0,0.0,1
35.0,303.0,27.0,3.0,84.0,3.0,2.0,4.0,5813.0,13492.0,18.0,3.0,4.0,0.0,3.0,10.0,7.0,7.0,0.0,0.0,1.0,0.0,0.0,1.0,0.0,1.0,0.0,0.0,0.0,0.0,0.0,0.0,0.0,0.0,0.0,0.0,0.0,1.0,0.0,0.0,1.0,1
24.0,1448.0,1.0,1.0,62.0,3.0,1.0,2.0,3202.0,21972.0,16.0,3.0,2.0,0.0,3.0,5.0,3.0,1.0,0.0,0.0,1.0,0.0,0.0,1.0,0.0,0.0,0.0,0.0,0.0,1.0,0.0,0.0,0.0,0.0,0.0,0.0,0.0,0.0,1.0,0.0,1.0,1
58.0,286.0,2.0,4.0,31.0,3.0,5.0,2.0,19246.0,25761.0,12.0,3.0,4.0,0.0,3.0,31.0,15.0,13.0,0.0,0.0,1.0,0.0,1.0,0.0,0.0,1.0,0.0,0.0,0.0,0.0,0.0,0.0,0.0,0.0,0.0,1.0,0.0,0.0,0.0,0.0,1.0,1
33.0,1017.0,25.0,1.0,55.0,2.0,1.0,2.0,2313.0,2993.0,20.0,4.0,2.0,0.0,3.0,2.0,2.0,2.0,0.0,0.0,1.0,0.0,1.0,0.0,0.0,0.0,0.0,1.0,0.0,0.0,0.0,0.0,0.0,0.0,0.0,0.0,1.0,0.0,0.0,0.0,1.0,1
33.0,587.0,10.0,1.0,38.0,1.0,1.0,4.0,3408.0,6705.0,13.0,3.0,1.0,3.0,3.0,4.0,3.0,1.0,0.0,0.0,1.0,0.0,1.0,0.0,0.0,0.0,0.0,1.0,0.0,0.0,0.0,0.0,1.0,0.0,0.0,0.0,0.0,0.0,0.0,1.0,0.0,1
28.0,1009.0,1.0,1.0,45.0,2.0,1.0,2.0,2596.0,7160.0,15.0,3.0,1.0,2.0,3.0,1.0,0.0,0.0,0.0,1.0,0.0,0.0,1.0,0.0,0.0,0.0,0.0,1.0,0.0,0.0,0.0,0.0,1.0,0.0,0.0,0.0,0.0,0.0,0.0,1.0,0.0,1
23.0,638.0,9.0,4.0,33.0,3.0,1.0,1.0,1790.0,26956.0,19.0,3.0,1.0,1.0,2.0,1.0,0.0,1.0,0.0,1.0,0.0,0.0,0.0,1.0,0.0,0.0,1.0,0.0,0.0,0.0,0.0,0.0,0.0,0.0,0.0,0.0,0.0,0.0,1.0,1.0,0.0,1
30.0,1005.0,3.0,4.0,88.0,3.0,1.0,1.0,2657.0,8556.0,11.0,3.0,3.0,0.0,3.0,5.0,2.0,0.0,0.0,0.0,1.0,0.0,1.0,0.0,0.0,0.0,0.0,0.0,0.0,1.0,0.0,0.0,0.0,0.0,0.0,0.0,1.0,0.0,0.0,0.0,1.0,1
25.0,688.0,3.0,1.0,91.0,3.0,1.0,1.0,4031.0,9396.0,13.0,3.0,3.0,1.0,3.0,2.0,2.0,0.0,0.0,0.0,1.0,0.0,1.0,0.0,0.0,0.0,0.0,1.0,0.0,0.0,0.0,0.0,1.0,0.0,0.0,0.0,0.0,0.0,0.0,1.0,0.0,1
26.0,426.0,17.0,2.0,58.0,3.0,1.0,3.0,2741.0,22808.0,11.0,3.0,2.0,1.0,2.0,7.0,7.0,1.0,0.0,1.0,0.0,1.0,0.0,0.0,0.0,1.0,0.0,0.0,0.0,0.0,0.0,1.0,0.0,0.0,0.0,0.0,0.0,0.0,0.0,0.0,1.0,1
39.0,592.0,2.0,1.0,54.0,2.0,1.0,1.0,3646.0,17181.0,23.0,4.0,2.0,0.0,4.0,1.0,0.0,0.0,1.0,0.0,0.0,0.0,1.0,0.0,0.0,1.0,0.0,0.0,0.0,0.0,0.0,0.0,1.0,0.0,0.0,0.0,0.0,0.0,0.0,0.0,1.0,1
28.0,289.0,2.0,3.0,38.0,2.0,1.0,1.0,2561.0,5355.0,11.0,3.0,3.0,0.0,2.0,0.0,0.0,0.0,0.0,1.0,0.0,0.0,1.0,0.0,0.0,0.0,0.0,1.0,0.0,0.0,0.0,0.0,1.0,0.0,0.0,0.0,0.0,0.0,0.0,1.0,0.0,1
21.0,337.0,7.0,2.0,31.0,3.0,1.0,2.0,2679.0,4567.0,13.0,3.0,2.0,0.0,3.0,1.0,0.0,1.0,0.0,0.0,1.0,0.0,0.0,1.0,0.0,0.0,1.0,0.0,0.0,0.0,0.0,0.0,0.0,0.0,0.0,0.0,0.0,0.0,1.0,1.0,0.0,1
20.0,1362.0,10.0,4.0,32.0,3.0,1.0,3.0,1009.0,26999.0,11.0,3.0,4.0,0.0,3.0,1.0,0.0,1.0,0.0,0.0,1.0,0.0,1.0,0.0,0.0,0.0,0.0,1.0,0.0,0.0,0.0,0.0,0.0,0.0,0.0,0.0,1.0,0.0,0.0,0.0,1.0,1
29.0,350.0,13.0,1.0,56.0,2.0,1.0,1.0,2335.0,3157.0,15.0,3.0,4.0,3.0,3.0,2.0,2.0,2.0,0.0,0.0,1.0,1.0,0.0,0.0,1.0,0.0,0.0,0.0,0.0,0.0,0.0,1.0,0.0,0.0,0.0,0.0,0.0,0.0,0.0,0.0,1.0,1
37.0,504.0,10.0,1.0,61.0,3.0,3.0,3.0,10048.0,22573.0,11.0,3.0,2.0,2.0,3.0,1.0,0.0,0.0,0.0,1.0,0.0,0.0,1.0,0.0,0.0,0.0,0.0,1.0,0.0,0.0,0.0,0.0,0.0,0.0,1.0,0.0,0.0,0.0,0.0,1.0,0.0,1
56.0,1162.0,24.0,1.0,97.0,3.0,1.0,4.0,2587.0,10261.0,16.0,3.0,4.0,0.0,3.0,4.0,2.0,1.0,0.0,0.0,1.0,0.0,1.0,0.0,0.0,1.0,0.0,0.0,0.0,0.0,0.0,0.0,1.0,0.0,0.0,0.0,0.0,0.0,0.0,1.0,0.0,1
18.0,247.0,8.0,3.0,80.0,3.0,1.0,3.0,1904.0,13556.0,12.0,3.0,4.0,0.0,3.0,0.0,0.0,0.0,1.0,0.0,0.0,0.0,1.0,0.0,0.0,0.0,0.0,1.0,0.0,0.0,0.0,0.0,1.0,0.0,0.0,0.0,0.0,0.0,0.0,1.0,0.0,1
33.0,465.0,2.0,1.0,39.0,3.0,1.0,1.0,2707.0,21509.0,20.0,4.0,1.0,0.0,4.0,9.0,7.0,1.0,0.0,0.0,1.0,0.0,1.0,0.0,0.0,1.0,0.0,0.0,0.0,0.0,0.0,0.0,1.0,0.0,0.0,0.0,0.0,0.0,0.0,1.0,0.0,1
50.0,562.0,8.0,2.0,50.0,3.0,2.0,3.0,6796.0,23452.0,14.0,3.0,1.0,1.0,3.0,4.0,3.0,1.0,0.0,1.0,0.0,0.0,0.0,1.0,0.0,0.0,0.0,0.0,0.0,1.0,0.0,0.0,0.0,0.0,0.0,0.0,0.0,1.0,0.0,0.0,1.0,1
28.0,654.0,1.0,1.0,67.0,1.0,1.0,2.0,2216.0,3872.0,13.0,3.0,4.0,0.0,3.0,7.0,7.0,3.0,0.0,0.0,1.0,0.0,1.0,0.0,0.0,1.0,0.0,0.0,0.0,0.0,0.0,0.0,0.0,0.0,0.0,0.0,1.0,0.0,0.0,0.0,1.0,1
22.0,391.0,7.0,4.0,75.0,3.0,1.0,2.0,2472.0,26092.0,23.0,4.0,1.0,0.0,3.0,1.0,0.0,0.0,0.0,0.0,1.0,0.0,1.0,0.0,0.0,1.0,0.0,0.0,0.0,0.0,0.0,0.0,0.0,0.0,0.0,0.0,1.0,0.0,0.0,0.0,1.0,1
24.0,240.0,22.0,4.0,58.0,1.0,1.0,3.0,1555.0,11585.0,11.0,3.0,3.0,1.0,3.0,1.0,0.0,0.0,0.0,0.0,1.0,1.0,0.0,0.0,1.0,0.0,0.0,0.0,0.0,0.0,0.0,1.0,0.0,0.0,0.0,0.0,0.0,0.0,0.0,1.0,0.0,1
34.0,988.0,23.0,2.0,43.0,3.0,3.0,1.0,9950.0,11533.0,15.0,3.0,3.0,3.0,3.0,3.0,2.0,0.0,0.0,1.0,0.0,1.0,0.0,0.0,1.0,0.0,0.0,0.0,0.0,0.0,0.0,1.0,0.0,0.0,0.0,0.0,0.0,0.0,0.0,0.0,1.0,1
40.0,1479.0,24.0,2.0,100.0,4.0,4.0,2.0,13194.0,17071.0,16.0,3.0,4.0,0.0,2.0,1.0,0.0,0.0,1.0,0.0,0.0,0.0,0.0,1.0,0.0,1.0,0.0,0.0,0.0,0.0,0.0,0.0,0.0,0.0,0.0,0.0,0.0,1.0,0.0,0.0,1.0,1
30.0,334.0,26.0,3.0,52.0,2.0,2.0,1.0,6696.0,22967.0,15.0,3.0,3.0,0.0,2.0,6.0,3.0,0.0,0.0,1.0,0.0,0.0,0.0,1.0,0.0,0.0,1.0,0.0,0.0,0.0,0.0,0.0,0.0,0.0,0.0,0.0,0.0,1.0,0.0,1.0,0.0,1
35.0,763.0,15.0,1.0,59.0,1.0,2.0,4.0,5440.0,22098.0,14.0,3.0,4.0,2.0,2.0,2.0,2.0,2.0,0.0,0.0,1.0,0.0,0.0,1.0,0.0,0.0,0.0,1.0,0.0,0.0,0.0,0.0,0.0,0.0,0.0,0.0,0.0,1.0,0.0,0.0,1.0,1
45.0,306.0,26.0,1.0,100.0,3.0,2.0,1.0,4286.0,5630.0,14.0,3.0,4.0,2.0,3.0,1.0,1.0,0.0,0.0,1.0,0.0,0.0,0.0,1.0,0.0,1.0,0.0,0.0,0.0,0.0,0.0,0.0,0.0,0.0,0.0,0.0,0.0,1.0,0.0,1.0,0.0,1
41.0,1102.0,1.0,2.0,94.0,3.0,2.0,4.0,5993.0,19479.0,11.0,3.0,1.0,0.0,1.0,6.0,4.0,0.0,0.0,0.0,1.0,0.0,0.0,1.0,0.0,1.0,0.0,0.0,0.0,0.0,0.0,0.0,0.0,0.0,0.0,0.0,0.0,1.0,0.0,0.0,1.0,1
31.0,1079.0,16.0,1.0,70.0,3.0,3.0,3.0,8161.0,19002.0,13.0,3.0,1.0,3.0,3.0,1.0,0.0,0.0,0.0,0.0,1.0,0.0,0.0,1.0,0.0,0.0,1.0,0.0,0.0,0.0,0.0,0.0,0.0,0.0,0.0,0.0,0.0,1.0,0.0,1.0,0.0,1
48.0,626.0,1.0,1.0,98.0,2.0,3.0,3.0,5381.0,19294.0,13.0,3.0,4.0,0.0,3.0,1.0,0.0,0.0,0.0,0.0,1.0,0.0,1.0,0.0,0.0,1.0,0.0,0.0,0.0,0.0,0.0,0.0,1.0,0.0,0.0,0.0,0.0,0.0,0.0,0.0,1.0,1
19.0,504.0,10.0,1.0,96.0,2.0,1.0,2.0,1859.0,6148.0,25.0,4.0,2.0,0.0,4.0,1.0,1.0,0.0,1.0,0.0,0.0,0.0,1.0,0.0,0.0,0.0,0.0,1.0,0.0,0.0,0.0,0.0,0.0,0.0,0.0,0.0,1.0,0.0,0.0,0.0,1.0,1
29.0,318.0,8.0,2.0,77.0,1.0,1.0,1.0,2119.0,4759.0,11.0,3.0,4.0,0.0,2.0,7.0,7.0,0.0,0.0,0.0,1.0,0.0,1.0,0.0,0.0,0.0,0.0,0.0,1.0,0.0,0.0,0.0,1.0,0.0,0.0,0.0,0.0,0.0,0.0,0.0,1.0,1
31.0,534.0,20.0,1.0,66.0,3.0,3.0,3.0,9824.0,22908.0,12.0,3.0,1.0,0.0,3.0,1.0,0.0,0.0,0.0,1.0,0.0,0.0,1.0,0.0,0.0,1.0,0.0,0.0,0.0,0.0,1.0,0.0,0.0,0.0,0.0,0.0,0.0,0.0,0.0,1.0,0.0,1
28.0,890.0,2.0,3.0,46.0,3.0,1.0,3.0,4382.0,16374.0,17.0,3.0,4.0,0.0,2.0,2.0,2.0,2.0,0.0,0.0,1.0,0.0,1.0,0.0,0.0,0.0,0.0,1.0,0.0,0.0,0.0,0.0,0.0,0.0,0.0,0.0,1.0,0.0,0.0,1.0,0.0,1
39.0,1122.0,6.0,4.0,70.0,3.0,1.0,1.0,2404.0,4303.0,21.0,4.0,4.0,0.0,1.0,2.0,2.0,2.0,0.0,0.0,1.0,0.0,1.0,0.0,0.0,0.0,0.0,1.0,0.0,0.0,0.0,0.0,1.0,0.0,0.0,0.0,0.0,0.0,0.0,0.0,1.0,1
33.0,827.0,29.0,1.0,54.0,2.0,2.0,3.0,4508.0,3129.0,22.0,4.0,2.0,0.0,3.0,13.0,7.0,3.0,0.0,1.0,0.0,0.0,1.0,0.0,0.0,0.0,0.0,1.0,0.0,0.0,0.0,0.0,0.0,0.0,0.0,0.0,1.0,0.0,0.0,1.0,0.0,1
19.0,602.0,1.0,3.0,100.0,1.0,1.0,1.0,2325.0,20989.0,21.0,4.0,1.0,0.0,4.0,0.0,0.0,0.0,0.0,1.0,0.0,0.0,0.0,1.0,0.0,0.0,0.0,0.0,0.0,1.0,0.0,0.0,0.0,0.0,0.0,0.0,0.0,0.0,1.0,1.0,0.0,1
32.0,1259.0,2.0,4.0,95.0,3.0,1.0,2.0,1393.0,24852.0,12.0,3.0,1.0,0.0,3.0,1.0,0.0,0.0,0.0,0.0,1.0,0.0,1.0,0.0,0.0,1.0,0.0,0.0,0.0,0.0,0.0,0.0,1.0,0.0,0.0,0.0,0.0,0.0,0.0,1.0,0.0,1
24.0,381.0,9.0,2.0,89.0,3.0,1.0,1.0,3172.0,16998.0,11.0,3.0,3.0,0.0,2.0,0.0,0.0,0.0,0.0,1.0,0.0,0.0,1.0,0.0,0.0,0.0,0.0,1.0,0.0,0.0,0.0,0.0,1.0,0.0,0.0,0.0,0.0,0.0,0.0,0.0,1.0,1
34.0,967.0,16.0,4.0,85.0,1.0,1.0,1.0,2307.0,14460.0,23.0,4.0,2.0,1.0,3.0,5.0,2.0,3.0,1.0,0.0,0.0,0.0,1.0,0.0,0.0,0.0,0.0,0.0,0.0,1.0,0.0,0.0,0.0,0.0,0.0,0.0,1.0,0.0,0.0,0.0,1.0,1
24.0,813.0,1.0,2.0,61.0,3.0,1.0,4.0,2293.0,3020.0,16.0,3.0,1.0,1.0,2.0,2.0,0.0,2.0,0.0,0.0,1.0,0.0,1.0,0.0,0.0,0.0,0.0,1.0,0.0,0.0,0.0,0.0,0.0,0.0,0.0,0.0,1.0,0.0,0.0,0.0,1.0,1
26.0,1330.0,21.0,1.0,37.0,3.0,1.0,3.0,2377.0,19373.0,20.0,4.0,3.0,1.0,2.0,1.0,1.0,0.0,0.0,0.0,1.0,0.0,1.0,0.0,0.0,0.0,0.0,1.0,0.0,0.0,0.0,0.0,1.0,0.0,0.0,0.0,0.0,0.0,0.0,1.0,0.0,1
35.0,1204.0,4.0,4.0,86.0,3.0,3.0,1.0,9582.0,10333.0,22.0,4.0,1.0,0.0,3.0,8.0,7.0,4.0,0.0,0.0,1.0,0.0,0.0,1.0,0.0,0.0,0.0,0.0,0.0,1.0,0.0,0.0,0.0,0.0,0.0,0.0,0.0,1.0,0.0,0.0,1.0,1
26.0,471.0,24.0,3.0,66.0,1.0,1.0,4.0,2340.0,23213.0,18.0,3.0,2.0,0.0,1.0,1.0,0.0,0.0,0.0,0.0,1.0,0.0,1.0,0.0,0.0,0.0,0.0,0.0,0.0,1.0,0.0,0.0,1.0,0.0,0.0,0.0,0.0,0.0,0.0,0.0,1.0,1
21.0,251.0,10.0,1.0,45.0,2.0,1.0,3.0,2625.0,25308.0,20.0,4.0,3.0,0.0,1.0,2.0,2.0,2.0,0.0,1.0,0.0,0.0,1.0,0.0,0.0,1.0,0.0,0.0,0.0,0.0,0.0,0.0,1.0,0.0,0.0,0.0,0.0,0.0,0.0,1.0,0.0,1
18.0,1306.0,5.0,2.0,69.0,3.0,1.0,2.0,1878.0,8059.0,14.0,3.0,4.0,0.0,3.0,0.0,0.0,0.0,0.0,1.0,0.0,0.0,0.0,1.0,0.0,0.0,1.0,0.0,0.0,0.0,0.0,0.0,0.0,0.0,0.0,0.0,0.0,0.0,1.0,0.0,1.0,1
18.0,230.0,3.0,3.0,54.0,3.0,1.0,3.0,1420.0,25233.0,13.0,3.0,3.0,0.0,3.0,0.0,0.0,0.0,0.0,0.0,1.0,0.0,1.0,0.0,0.0,1.0,0.0,0.0,0.0,0.0,0.0,0.0,1.0,0.0,0.0,0.0,0.0,0.0,0.0,1.0,0.0,1
28.0,1496.0,1.0,1.0,92.0,3.0,1.0,3.0,2909.0,15747.0,15.0,3.0,4.0,1.0,4.0,3.0,2.0,1.0,0.0,1.0,0.0,0.0,0.0,1.0,0.0,0.0,0.0,0.0,0.0,1.0,0.0,0.0,0.0,0.0,0.0,0.0,0.0,0.0,1.0,1.0,0.0,1
21.0,1334.0,10.0,3.0,36.0,2.0,1.0,1.0,1416.0,17258.0,13.0,3.0,1.0,0.0,2.0,1.0,0.0,1.0,0.0,0.0,1.0,0.0,1.0,0.0,0.0,1.0,0.0,0.0,0.0,0.0,0.0,0.0,1.0,0.0,0.0,0.0,0.0,0.0,0.0,1.0,0.0,1
36.0,660.0,15.0,1.0,81.0,3.0,2.0,3.0,4834.0,7858.0,14.0,3.0,2.0,1.0,2.0,1.0,0.0,0.0,0.0,0.0,1.0,0.0,1.0,0.0,0.0,0.0,0.0,0.0,1.0,0.0,0.0,0.0,1.0,0.0,0.0,0.0,0.0,0.0,0.0,1.0,0.0,1
55.0,267.0,13.0,1.0,85.0,4.0,4.0,3.0,13695.0,9277.0,17.0,3.0,3.0,0.0,2.0,19.0,7.0,3.0,0.0,0.0,1.0,0.0,0.0,1.0,0.0,0.0,1.0,0.0,0.0,0.0,0.0,0.0,0.0,0.0,0.0,0.0,0.0,1.0,0.0,0.0,1.0,1
29.0,121.0,27.0,2.0,35.0,3.0,3.0,4.0,7639.0,24525.0,22.0,4.0,4.0,3.0,2.0,10.0,4.0,1.0,0.0,0.0,1.0,0.0,0.0,1.0,0.0,0.0,1.0,0.0,0.0,0.0,0.0,0.0,0.0,0.0,0.0,0.0,0.0,1.0,0.0,1.0,0.0,1
43.0,1372.0,9.0,1.0,85.0,1.0,2.0,3.0,5346.0,9489.0,13.0,3.0,2.0,0.0,2.0,4.0,3.0,1.0,0.0,0.0,1.0,0.0,0.0,1.0,0.0,0.0,1.0,0.0,0.0,0.0,0.0,0.0,0.0,0.0,0.0,0.0,0.0,1.0,0.0,1.0,0.0,1
47.0,1093.0,9.0,3.0,82.0,1.0,4.0,3.0,12936.0,24164.0,11.0,3.0,3.0,0.0,1.0,23.0,5.0,14.0,0.0,1.0,0.0,0.0,0.0,1.0,0.0,1.0,0.0,0.0,0.0,0.0,0.0,0.0,0.0,0.0,0.0,0.0,0.0,1.0,0.0,1.0,0.0,1
20.0,1097.0,11.0,4.0,98.0,2.0,1.0,1.0,2600.0,18275.0,15.0,3.0,1.0,0.0,3.0,1.0,0.0,0.0,0.0,0.0,1.0,0.0,1.0,0.0,0.0,0.0,0.0,1.0,0.0,0.0,0.0,0.0,0.0,0.0,0.0,0.0,1.0,0.0,0.0,0.0,1.0,1
43.0,807.0,17.0,3.0,38.0,2.0,1.0,3.0,2437.0,15587.0,16.0,3.0,4.0,1.0,3.0,1.0,0.0,0.0,0.0,1.0,0.0,0.0,1.0,0.0,0.0,0.0,0.0,0.0,0.0,1.0,0.0,0.0,0.0,0.0,0.0,0.0,1.0,0.0,0.0,0.0,1.0,1
27.0,1420.0,2.0,3.0,85.0,3.0,1.0,1.0,3041.0,16346.0,11.0,3.0,2.0,1.0,3.0,4.0,3.0,0.0,0.0,0.0,1.0,0.0,0.0,1.0,0.0,0.0,1.0,0.0,0.0,0.0,0.0,0.0,0.0,0.0,0.0,0.0,0.0,0.0,1.0,1.0,0.0,1
20.0,500.0,2.0,3.0,49.0,2.0,1.0,3.0,2044.0,22052.0,13.0,3.0,4.0,0.0,2.0,2.0,2.0,0.0,0.0,0.0,1.0,0.0,0.0,1.0,0.0,0.0,0.0,1.0,0.0,0.0,0.0,0.0,0.0,0.0,0.0,0.0,0.0,0.0,1.0,1.0,0.0,1
29.0,459.0,24.0,4.0,73.0,2.0,1.0,4.0,2439.0,14753.0,24.0,4.0,2.0,0.0,2.0,1.0,0.0,1.0,0.0,1.0,0.0,0.0,1.0,0.0,0.0,1.0,0.0,0.0,0.0,0.0,0.0,0.0,0.0,0.0,0.0,0.0,1.0,0.0,0.0,0.0,1.0,1
46.0,1254.0,10.0,3.0,64.0,3.0,3.0,2.0,7314.0,14011.0,21.0,4.0,3.0,3.0,3.0,8.0,7.0,0.0,0.0,0.0,1.0,0.0,0.0,1.0,0.0,1.0,0.0,0.0,0.0,0.0,0.0,0.0,0.0,0.0,0.0,0.0,0.0,1.0,0.0,1.0,0.0,1
23.0,1320.0,8.0,4.0,93.0,2.0,1.0,3.0,3989.0,20586.0,11.0,3.0,1.0,0.0,3.0,5.0,4.0,1.0,0.0,0.0,1.0,0.0,1.0,0.0,0.0,0.0,0.0,1.0,0.0,0.0,0.0,0.0,1.0,0.0,0.0,0.0,0.0,0.0,0.0,0.0,1.0,1
25.0,867.0,19.0,3.0,36.0,2.0,1.0,2.0,2413.0,18798.0,18.0,3.0,3.0,3.0,3.0,1.0,0.0,0.0,0.0,0.0,1.0,0.0,0.0,1.0,0.0,0.0,1.0,0.0,0.0,0.0,0.0,0.0,0.0,0.0,0.0,0.0,0.0,0.0,1.0,0.0,1.0,1
44.0,1097.0,10.0,3.0,96.0,3.0,1.0,3.0,2936.0,10826.0,11.0,3.0,3.0,0.0,3.0,6.0,4.0,0.0,0.0,0.0,1.0,0.0,1.0,0.0,0.0,1.0,0.0,0.0,0.0,0.0,0.0,0.0,0.0,0.0,0.0,0.0,1.0,0.0,0.0,0.0,1.0,1
38.0,1180.0,29.0,2.0,70.0,3.0,2.0,1.0,6673.0,11354.0,19.0,3.0,2.0,0.0,3.0,1.0,0.0,0.0,0.0,0.0,1.0,0.0,1.0,0.0,0.0,0.0,0.0,1.0,0.0,0.0,1.0,0.0,0.0,0.0,0.0,0.0,0.0,0.0,0.0,0.0,1.0,1
24.0,1287.0,7.0,1.0,55.0,3.0,1.0,3.0,2886.0,14168.0,16.0,3.0,4.0,1.0,3.0,6.0,3.0,1.0,0.0,1.0,0.0,0.0,1.0,0.0,0.0,1.0,0.0,0.0,0.0,0.0,0.0,0.0,1.0,0.0,0.0,0.0,0.0,0.0,0.0,0.0,1.0,1
37.0,807.0,6.0,3.0,63.0,3.0,1.0,1.0,2073.0,23648.0,22.0,4.0,4.0,0.0,3.0,3.0,2.0,0.0,0.0,0.0,1.0,1.0,0.0,0.0,1.0,0.0,0.0,0.0,0.0,0.0,0.0,1.0,0.0,0.0,0.0,0.0,0.0,0.0,0.0,0.0,1.0,1
35.0,130.0,25.0,4.0,96.0,3.0,1.0,2.0,2022.0,16612.0,19.0,3.0,1.0,1.0,2.0,10.0,2.0,7.0,0.0,1.0,0.0,0.0,1.0,0.0,0.0,1.0,0.0,0.0,0.0,0.0,0.0,0.0,0.0,0.0,0.0,0.0,1.0,0.0,0.0,0.0,1.0,1
22.0,1294.0,8.0,3.0,79.0,3.0,1.0,1.0,2398.0,15999.0,17.0,3.0,3.0,0.0,3.0,1.0,0.0,0.0,0.0,0.0,1.0,0.0,1.0,0.0,0.0,0.0,0.0,1.0,0.0,0.0,0.0,0.0,1.0,0.0,0.0,0.0,0.0,0.0,0.0,0.0,1.0,1
32.0,374.0,25.0,1.0,87.0,3.0,1.0,4.0,2795.0,18016.0,24.0,4.0,3.0,0.0,1.0,1.0,0.0,0.0,0.0,0.0,1.0,0.0,1.0,0.0,0.0,1.0,0.0,0.0,0.0,0.0,0.0,0.0,1.0,0.0,0.0,0.0,0.0,0.0,0.0,0.0,1.0,1
32.0,1089.0,7.0,4.0,79.0,3.0,2.0,3.0,4883.0,22845.0,18.0,3.0,1.0,1.0,3.0,10.0,4.0,1.0,0.0,0.0,1.0,0.0,1.0,0.0,0.0,1.0,0.0,0.0,0.0,0.0,0.0,0.0,1.0,0.0,0.0,0.0,0.0,0.0,0.0,1.0,0.0,1
35.0,104.0,2.0,1.0,69.0,3.0,1.0,1.0,2074.0,26619.0,12.0,3.0,4.0,1.0,3.0,1.0,0.0,0.0,0.0,0.0,1.0,0.0,1.0,0.0,0.0,1.0,0.0,0.0,0.0,0.0,0.0,0.0,1.0,0.0,0.0,0.0,0.0,0.0,0.0,0.0,1.0,1
53.0,1168.0,24.0,1.0,66.0,3.0,3.0,1.0,10448.0,5843.0,13.0,3.0,2.0,0.0,2.0,2.0,2.0,2.0,0.0,0.0,1.0,0.0,0.0,1.0,0.0,1.0,0.0,0.0,0.0,0.0,0.0,0.0,0.0,0.0,0.0,0.0,0.0,1.0,0.0,0.0,1.0,1
29.0,746.0,24.0,3.0,45.0,4.0,1.0,1.0,1091.0,10642.0,17.0,3.0,4.0,0.0,3.0,1.0,0.0,0.0,0.0,1.0,0.0,0.0,0.0,1.0,0.0,0.0,0.0,0.0,0.0,1.0,0.0,0.0,0.0,0.0,0.0,0.0,0.0,0.0,1.0,1.0,0.0,1
28.0,1434.0,5.0,3.0,50.0,3.0,1.0,3.0,3441.0,11179.0,13.0,3.0,3.0,0.0,2.0,2.0,2.0,2.0,0.0,0.0,1.0,0.0,1.0,0.0,0.0,0.0,0.0,0.0,0.0,1.0,0.0,0.0,1.0,0.0,0.0,0.0,0.0,0.0,0.0,0.0,1.0,1
27.0,135.0,17.0,4.0,51.0,3.0,1.0,3.0,2394.0,25681.0,13.0,3.0,4.0,0.0,3.0,8.0,2.0,7.0,0.0,0.0,1.0,0.0,1.0,0.0,0.0,1.0,0.0,0.0,0.0,0.0,0.0,0.0,0.0,0.0,0.0,0.0,1.0,0.0,0.0,0.0,1.0,1
34.0,234.0,9.0,4.0,93.0,3.0,2.0,1.0,5346.0,6208.0,17.0,3.0,3.0,1.0,2.0,7.0,1.0,0.0,0.0,1.0,0.0,0.0,1.0,0.0,0.0,1.0,0.0,0.0,0.0,0.0,0.0,0.0,1.0,0.0,0.0,0.0,0.0,0.0,0.0,1.0,0.0,1
33.0,813.0,14.0,3.0,58.0,3.0,1.0,4.0,2436.0,22149.0,13.0,3.0,3.0,1.0,1.0,5.0,4.0,0.0,0.0,0.0,1.0,0.0,1.0,0.0,0.0,0.0,0.0,1.0,0.0,0.0,0.0,0.0,1.0,0.0,0.0,0.0,0.0,0.0,0.0,0.0,1.0,1
31.0,307.0,29.0,3.0,71.0,2.0,1.0,2.0,3479.0,11652.0,11.0,3.0,2.0,0.0,4.0,5.0,4.0,1.0,0.0,1.0,0.0,0.0,1.0,0.0,0.0,0.0,0.0,1.0,0.0,0.0,0.0,0.0,1.0,0.0,0.0,0.0,0.0,0.0,0.0,1.0,0.0,1
35.0,662.0,18.0,4.0,67.0,3.0,2.0,3.0,4614.0,23288.0,18.0,3.0,3.0,1.0,2.0,4.0,2.0,3.0,0.0,1.0,0.0,0.0,0.0,1.0,0.0,0.0,1.0,0.0,0.0,0.0,0.0,0.0,0.0,0.0,0.0,0.0,0.0,1.0,0.0,0.0,1.0,1
49.0,1475.0,28.0,1.0,97.0,2.0,2.0,1.0,4284.0,22710.0,20.0,4.0,1.0,0.0,3.0,4.0,3.0,1.0,0.0,1.0,0.0,0.0,1.0,0.0,0.0,1.0,0.0,0.0,0.0,0.0,0.0,0.0,1.0,0.0,0.0,0.0,0.0,0.0,0.0,1.0,0.0,1
26.0,1357.0,25.0,1.0,48.0,1.0,1.0,3.0,2293.0,10558.0,12.0,3.0,3.0,0.0,2.0,1.0,0.0,0.0,0.0,0.0,1.0,0.0,1.0,0.0,0.0,1.0,0.0,0.0,0.0,0.0,0.0,0.0,1.0,0.0,0.0,0.0,0.0,0.0,0.0,1.0,0.0,1
31.0,561.0,3.0,4.0,33.0,3.0,1.0,3.0,4084.0,4156.0,12.0,3.0,1.0,0.0,1.0,7.0,2.0,7.0,0.0,1.0,0.0,0.0,1.0,0.0,0.0,1.0,0.0,0.0,0.0,0.0,0.0,0.0,0.0,0.0,0.0,0.0,1.0,0.0,0.0,1.0,0.0,1
34.0,1107.0,9.0,1.0,52.0,3.0,1.0,3.0,2742.0,3072.0,15.0,3.0,4.0,0.0,3.0,2.0,2.0,2.0,0.0,0.0,1.0,1.0,0.0,0.0,0.0,0.0,0.0,0.0,0.0,1.0,0.0,1.0,0.0,0.0,0.0,0.0,0.0,0.0,0.0,1.0,0.0,1
58.0,781.0,2.0,4.0,57.0,2.0,1.0,4.0,2380.0,13384.0,14.0,3.0,4.0,1.0,2.0,1.0,0.0,0.0,0.0,1.0,0.0,0.0,1.0,0.0,0.0,1.0,0.0,0.0,0.0,0.0,0.0,0.0,1.0,0.0,0.0,0.0,0.0,0.0,0.0,0.0,1.0,1
31.0,523.0,2.0,2.0,94.0,3.0,1.0,4.0,3722.0,21081.0,13.0,3.0,3.0,1.0,1.0,2.0,2.0,2.0,0.0,1.0,0.0,0.0,1.0,0.0,0.0,1.0,0.0,0.0,0.0,0.0,0.0,0.0,1.0,0.0,0.0,0.0,0.0,0.0,0.0,0.0,1.0,1
36.0,530.0,3.0,3.0,51.0,2.0,3.0,4.0,10325.0,5518.0,11.0,3.0,1.0,1.0,3.0,16.0,7.0,3.0,0.0,0.0,1.0,0.0,0.0,1.0,0.0,1.0,0.0,0.0,0.0,0.0,0.0,0.0,0.0,0.0,0.0,0.0,0.0,1.0,0.0,0.0,1.0,1
28.0,103.0,24.0,3.0,50.0,2.0,1.0,3.0,2028.0,12947.0,14.0,3.0,2.0,0.0,3.0,4.0,2.0,0.0,0.0,0.0,1.0,0.0,1.0,0.0,0.0,1.0,0.0,0.0,0.0,0.0,0.0,0.0,1.0,0.0,0.0,0.0,0.0,0.0,0.0,0.0,1.0,1
40.0,676.0,9.0,4.0,86.0,3.0,1.0,1.0,2018.0,21831.0,14.0,3.0,2.0,0.0,1.0,5.0,4.0,1.0,0.0,0.0,1.0,0.0,1.0,0.0,0.0,1.0,0.0,0.0,0.0,0.0,0.0,0.0,1.0,0.0,0.0,0.0,0.0,0.0,0.0,1.0,0.0,1
46.0,377.0,9.0,1.0,52.0,3.0,3.0,4.0,10096.0,15986.0,11.0,3.0,1.0,1.0,4.0,7.0,7.0,4.0,0.0,0.0,1.0,0.0,0.0,1.0,0.0,0.0,1.0,0.0,0.0,0.0,0.0,0.0,0.0,0.0,0.0,0.0,0.0,1.0,0.0,1.0,0.0,1
29.0,115.0,13.0,1.0,51.0,3.0,2.0,2.0,5765.0,17485.0,11.0,3.0,1.0,0.0,1.0,5.0,3.0,0.0,0.0,1.0,0.0,0.0,0.0,1.0,0.0,0.0,0.0,0.0,0.0,1.0,0.0,0.0,0.0,0.0,0.0,0.0,0.0,1.0,0.0,1.0,0.0,1
31.0,202.0,8.0,1.0,34.0,2.0,1.0,2.0,1261.0,22262.0,12.0,3.0,3.0,0.0,4.0,1.0,0.0,0.0,0.0,0.0,1.0,0.0,1.0,0.0,0.0,1.0,0.0,0.0,0.0,0.0,0.0,0.0,0.0,0.0,0.0,0.0,1.0,0.0,0.0,1.0,0.0,1
32.0,1474.0,11.0,4.0,60.0,4.0,2.0,3.0,4707.0,23914.0,12.0,3.0,4.0,0.0,3.0,4.0,2.0,1.0,1.0,0.0,0.0,0.0,0.0,1.0,0.0,0.0,0.0,0.0,1.0,0.0,0.0,0.0,0.0,0.0,0.0,0.0,0.0,1.0,0.0,1.0,0.0,1
24.0,984.0,17.0,4.0,97.0,3.0,1.0,2.0,2210.0,3372.0,13.0,3.0,1.0,1.0,1.0,1.0,0.0,0.0,0.0,0.0,1.0,0.0,1.0,0.0,0.0,1.0,0.0,0.0,0.0,0.0,0.0,0.0,1.0,0.0,0.0,0.0,0.0,0.0,0.0,1.0,0.0,1
25.0,240.0,5.0,3.0,46.0,2.0,2.0,3.0,5744.0,26959.0,11.0,3.0,4.0,0.0,3.0,6.0,4.0,0.0,0.0,0.0,1.0,0.0,0.0,1.0,0.0,0.0,1.0,0.0,0.0,0.0,0.0,0.0,0.0,0.0,0.0,0.0,0.0,1.0,0.0,0.0,1.0,1
55.0,436.0,2.0,3.0,37.0,3.0,2.0,4.0,5160.0,21519.0,16.0,3.0,3.0,0.0,2.0,9.0,7.0,7.0,0.0,0.0,1.0,0.0,0.0,1.0,0.0,0.0,0.0,1.0,0.0,0.0,0.0,0.0,0.0,0.0,0.0,0.0,0.0,1.0,0.0,1.0,0.0,1
33.0,350.0,5.0,4.0,34.0,3.0,1.0,3.0,2851.0,9150.0,13.0,3.0,2.0,0.0,3.0,1.0,0.0,0.0,0.0,0.0,1.0,0.0,0.0,1.0,0.0,0.0,1.0,0.0,0.0,0.0,0.0,0.0,0.0,0.0,0.0,0.0,0.0,0.0,1.0,0.0,1.0,1
35.0,737.0,10.0,4.0,55.0,2.0,3.0,1.0,10306.0,21530.0,17.0,3.0,3.0,0.0,3.0,13.0,12.0,6.0,0.0,0.0,1.0,0.0,0.0,1.0,0.0,0.0,0.0,1.0,0.0,0.0,0.0,0.0,0.0,0.0,0.0,0.0,0.0,1.0,0.0,1.0,0.0,1
34.0,296.0,6.0,4.0,33.0,1.0,1.0,3.0,2351.0,12253.0,16.0,3.0,4.0,1.0,2.0,2.0,2.0,1.0,0.0,1.0,0.0,0.0,0.0,1.0,0.0,0.0,1.0,0.0,0.0,0.0,0.0,0.0,0.0,0.0,0.0,0.0,0.0,0.0,1.0,1.0,0.0,1
19.0,489.0,2.0,1.0,52.0,2.0,1.0,4.0,2564.0,18437.0,12.0,3.0,3.0,0.0,4.0,1.0,0.0,0.0,0.0,0.0,1.0,1.0,0.0,0.0,0.0,0.0,0.0,0.0,0.0,1.0,0.0,1.0,0.0,0.0,0.0,0.0,0.0,0.0,0.0,1.0,0.0,1
29.0,428.0,9.0,2.0,52.0,1.0,1.0,2.0,2760.0,14630.0,13.0,3.0,3.0,0.0,3.0,2.0,2.0,2.0,0.0,0.0,1.0,0.0,0.0,1.0,0.0,0.0,1.0,0.0,0.0,0.0,0.0,0.0,0.0,0.0,0.0,0.0,0.0,0.0,1.0,1.0,0.0,1
22.0,1368.0,4.0,3.0,99.0,2.0,1.0,3.0,3894.0,9129.0,16.0,3.0,3.0,0.0,3.0,2.0,2.0,1.0,0.0,1.0,0.0,0.0,1.0,0.0,0.0,0.0,0.0,0.0,0.0,1.0,0.0,0.0,1.0,0.0,0.0,0.0,0.0,0.0,0.0,1.0,0.0,1
37.0,625.0,1.0,1.0,46.0,2.0,3.0,3.0,10609.0,14922.0,11.0,3.0,3.0,0.0,1.0,14.0,1.0,11.0,0.0,0.0,1.0,0.0,0.0,1.0,0.0,1.0,0.0,0.0,0.0,0.0,0.0,0.0,0.0,0.0,0.0,0.0,0.0,1.0,0.0,1.0,0.0,1
31.0,874.0,15.0,3.0,72.0,3.0,1.0,3.0,2610.0,6233.0,12.0,3.0,3.0,1.0,2.0,2.0,2.0,2.0,0.0,1.0,0.0,0.0,1.0,0.0,0.0,0.0,0.0,1.0,0.0,0.0,0.0,0.0,1.0,0.0,0.0,0.0,0.0,0.0,0.0,1.0,0.0,1
36.0,885.0,16.0,3.0,43.0,4.0,1.0,1.0,2743.0,8269.0,16.0,3.0,3.0,0.0,3.0,17.0,13.0,15.0,0.0,0.0,1.0,0.0,1.0,0.0,0.0,1.0,0.0,0.0,0.0,0.0,0.0,0.0,1.0,0.0,0.0,0.0,0.0,0.0,0.0,1.0,0.0,1
29.0,224.0,1.0,1.0,100.0,2.0,1.0,1.0,2362.0,7568.0,13.0,3.0,3.0,0.0,1.0,9.0,7.0,0.0,0.0,0.0,1.0,0.0,1.0,0.0,0.0,0.0,0.0,0.0,0.0,1.0,0.0,0.0,0.0,0.0,0.0,0.0,1.0,0.0,0.0,1.0,0.0,1
34.0,1362.0,19.0,1.0,67.0,4.0,2.0,4.0,5304.0,4652.0,13.0,3.0,2.0,0.0,2.0,5.0,2.0,0.0,1.0,0.0,0.0,0.0,0.0,1.0,0.0,0.0,1.0,0.0,0.0,0.0,0.0,0.0,0.0,0.0,0.0,0.0,0.0,1.0,0.0,0.0,1.0,1
29.0,408.0,25.0,3.0,71.0,2.0,1.0,2.0,2546.0,18300.0,16.0,3.0,2.0,0.0,4.0,2.0,2.0,1.0,0.0,0.0,1.0,0.0,1.0,0.0,0.0,0.0,0.0,0.0,0.0,1.0,0.0,0.0,0.0,0.0,0.0,0.0,1.0,0.0,0.0,1.0,0.0,1
56.0,310.0,7.0,4.0,72.0,3.0,1.0,3.0,2339.0,3666.0,11.0,3.0,4.0,1.0,1.0,10.0,9.0,9.0,0.0,0.0,1.0,0.0,1.0,0.0,0.0,0.0,0.0,0.0,0.0,1.0,0.0,0.0,1.0,0.0,0.0,0.0,0.0,0.0,0.0,1.0,0.0,1
23.0,1243.0,6.0,3.0,63.0,4.0,1.0,1.0,1601.0,3445.0,21.0,4.0,3.0,2.0,3.0,0.0,0.0,0.0,0.0,0.0,1.0,0.0,1.0,0.0,0.0,1.0,0.0,0.0,0.0,0.0,0.0,0.0,1.0,0.0,0.0,0.0,0.0,0.0,0.0,0.0,1.0,1
26.0,265.0,29.0,2.0,79.0,1.0,2.0,1.0,4969.0,21813.0,18.0,3.0,4.0,0.0,3.0,2.0,2.0,2.0,1.0,0.0,0.0,0.0,0.0,1.0,0.0,0.0,0.0,1.0,0.0,0.0,0.0,0.0,0.0,0.0,0.0,0.0,0.0,1.0,0.0,1.0,0.0,1
30.0,945.0,9.0,2.0,89.0,3.0,1.0,4.0,1081.0,16019.0,13.0,3.0,3.0,0.0,2.0,1.0,0.0,0.0,0.0,0.0,1.0,0.0,0.0,1.0,0.0,0.0,0.0,1.0,0.0,0.0,0.0,0.0,0.0,0.0,0.0,0.0,0.0,0.0,1.0,1.0,0.0,1
31.0,667.0,1.0,2.0,50.0,1.0,1.0,3.0,1359.0,16154.0,12.0,3.0,2.0,0.0,3.0,1.0,0.0,0.0,0.0,1.0,0.0,0.0,0.0,1.0,0.0,1.0,0.0,0.0,0.0,0.0,0.0,0.0,0.0,0.0,0.0,0.0,0.0,0.0,1.0,1.0,0.0,1
29.0,805.0,1.0,2.0,36.0,2.0,1.0,1.0,2319.0,6689.0,11.0,3.0,4.0,1.0,3.0,1.0,0.0,0.0,0.0,0.0,1.0,0.0,1.0,0.0,0.0,1.0,0.0,0.0,0.0,0.0,0.0,0.0,1.0,0.0,0.0,0.0,0.0,0.0,0.0,0.0,1.0,1
37.0,370.0,10.0,4.0,58.0,3.0,2.0,1.0,4213.0,4992.0,15.0,3.0,2.0,0.0,1.0,10.0,3.0,0.0,0.0,0.0,1.0,0.0,1.0,0.0,0.0,0.0,0.0,1.0,0.0,0.0,0.0,0.0,0.0,0.0,1.0,0.0,0.0,0.0,0.0,1.0,0.0,1
45.0,1449.0,2.0,1.0,94.0,1.0,5.0,2.0,18824.0,2493.0,16.0,3.0,1.0,0.0,3.0,24.0,10.0,1.0,0.0,0.0,1.0,0.0,0.0,1.0,0.0,0.0,1.0,0.0,0.0,0.0,0.0,0.0,0.0,1.0,0.0,0.0,0.0,0.0,0.0,0.0,1.0,1
31.0,359.0,18.0,4.0,89.0,4.0,1.0,1.0,2956.0,21495.0,17.0,3.0,3.0,0.0,3.0,1.0,0.0,0.0,0.0,0.0,1.0,1.0,0.0,0.0,1.0,0.0,0.0,0.0,0.0,0.0,0.0,1.0,0.0,0.0,0.0,0.0,0.0,0.0,0.0,1.0,0.0,1
18.0,544.0,3.0,2.0,70.0,3.0,1.0,4.0,1569.0,18420.0,12.0,3.0,3.0,0.0,4.0,0.0,0.0,0.0,0.0,1.0,0.0,0.0,0.0,1.0,0.0,0.0,0.0,1.0,0.0,0.0,0.0,0.0,0.0,0.0,0.0,0.0,0.0,0.0,1.0,0.0,1.0,1
28.0,529.0,2.0,1.0,79.0,3.0,1.0,3.0,3485.0,14935.0,11.0,3.0,3.0,0.0,1.0,0.0,0.0,0.0,0.0,0.0,1.0,0.0,1.0,0.0,0.0,1.0,0.0,0.0,0.0,0.0,0.0,0.0,1.0,0.0,0.0,0.0,0.0,0.0,0.0,1.0,0.0,1
39.0,1162.0,3.0,4.0,41.0,3.0,2.0,3.0,5238.0,17778.0,18.0,3.0,1.0,0.0,2.0,1.0,0.0,0.0,0.0,0.0,1.0,0.0,0.0,1.0,0.0,0.0,0.0,1.0,0.0,0.0,0.0,0.0,0.0,0.0,0.0,0.0,0.0,1.0,0.0,0.0,1.0,1
28.0,1475.0,13.0,4.0,84.0,3.0,2.0,3.0,9854.0,23352.0,11.0,3.0,4.0,0.0,3.0,2.0,0.0,2.0,0.0,0.0,1.0,0.0,0.0,1.0,0.0,0.0,1.0,0.0,0.0,0.0,0.0,0.0,0.0,0.0,0.0,0.0,0.0,1.0,0.0,0.0,1.0,1
42.0,481.0,12.0,3.0,44.0,3.0,4.0,1.0,13758.0,2447.0,12.0,3.0,2.0,0.0,2.0,21.0,9.0,13.0,0.0,1.0,0.0,0.0,0.0,1.0,0.0,1.0,0.0,0.0,0.0,0.0,0.0,0.0,0.0,0.0,0.0,0.0,0.0,1.0,0.0,0.0,1.0,1
41.0,143.0,4.0,1.0,56.0,3.0,2.0,2.0,9355.0,9558.0,18.0,3.0,3.0,0.0,3.0,8.0,7.0,7.0,0.0,1.0,0.0,0.0,0.0,1.0,0.0,0.0,1.0,0.0,0.0,0.0,0.0,0.0,0.0,0.0,0.0,0.0,0.0,1.0,0.0,1.0,0.0,1
50.0,878.0,1.0,2.0,94.0,3.0,2.0,3.0,6728.0,14255.0,12.0,3.0,4.0,2.0,3.0,6.0,3.0,0.0,0.0,1.0,0.0,0.0,0.0,1.0,0.0,1.0,0.0,0.0,0.0,0.0,0.0,0.0,0.0,0.0,0.0,0.0,0.0,1.0,0.0,1.0,0.0,1
47.0,666.0,29.0,1.0,88.0,3.0,3.0,2.0,11849.0,10268.0,12.0,3.0,4.0,1.0,2.0,10.0,7.0,9.0,1.0,0.0,0.0,0.0,1.0,0.0,0.0,1.0,0.0,0.0,0.0,0.0,0.0,0.0,0.0,1.0,0.0,0.0,0.0,0.0,0.0,0.0,1.0,1
55.0,725.0,2.0,4.0,78.0,3.0,5.0,1.0,19859.0,21199.0,13.0,3.0,4.0,1.0,3.0,5.0,2.0,1.0,0.0,0.0,1.0,0.0,1.0,0.0,0.0,0.0,0.0,1.0,0.0,0.0,0.0,0.0,0.0,1.0,0.0,0.0,0.0,0.0,0.0,0.0,1.0,1
28.0,1485.0,12.0,3.0,79.0,3.0,1.0,4.0,2515.0,22955.0,11.0,3.0,4.0,0.0,2.0,1.0,1.0,0.0,0.0,0.0,1.0,0.0,1.0,0.0,0.0,1.0,0.0,0.0,0.0,0.0,0.0,0.0,1.0,0.0,0.0,0.0,0.0,0.0,0.0,0.0,1.0,1
30.0,448.0,12.0,2.0,74.0,2.0,1.0,1.0,2033.0,14470.0,18.0,3.0,3.0,1.0,4.0,1.0,0.0,0.0,0.0,1.0,0.0,0.0,0.0,1.0,0.0,1.0,0.0,0.0,0.0,0.0,0.0,0.0,0.0,0.0,0.0,0.0,0.0,0.0,1.0,1.0,0.0,1
31.0,754.0,26.0,1.0,63.0,3.0,2.0,4.0,5617.0,21075.0,11.0,3.0,3.0,0.0,3.0,10.0,7.0,0.0,0.0,1.0,0.0,0.0,0.0,1.0,0.0,0.0,1.0,0.0,0.0,0.0,0.0,0.0,0.0,0.0,0.0,0.0,0.0,1.0,0.0,0.0,1.0,1
32.0,414.0,2.0,3.0,82.0,2.0,2.0,2.0,9907.0,26186.0,12.0,3.0,3.0,0.0,2.0,2.0,2.0,2.0,0.0,0.0,1.0,0.0,0.0,1.0,0.0,0.0,1.0,0.0,0.0,0.0,0.0,0.0,0.0,0.0,0.0,0.0,0.0,1.0,0.0,0.0,1.0,1
22.0,617.0,3.0,2.0,34.0,3.0,2.0,3.0,4171.0,10022.0,19.0,3.0,1.0,1.0,4.0,3.0,2.0,0.0,0.0,0.0,1.0,0.0,1.0,0.0,0.0,1.0,0.0,0.0,0.0,0.0,0.0,0.0,0.0,0.0,1.0,0.0,0.0,0.0,0.0,0.0,1.0,1
30.0,464.0,4.0,3.0,40.0,3.0,1.0,4.0,2285.0,3427.0,23.0,4.0,3.0,0.0,3.0,1.0,0.0,0.0,0.0,1.0,0.0,0.0,1.0,0.0,0.0,0.0,0.0,0.0,0.0,1.0,0.0,0.0,0.0,0.0,0.0,0.0,1.0,0.0,0.0,0.0,1.0,1
26.0,887.0,5.0,3.0,88.0,2.0,1.0,3.0,2366.0,20898.0,14.0,3.0,1.0,1.0,3.0,8.0,7.0,1.0,0.0,1.0,0.0,0.0,1.0,0.0,0.0,0.0,0.0,1.0,0.0,0.0,0.0,0.0,0.0,0.0,0.0,0.0,1.0,0.0,0.0,0.0,1.0,1
33.0,118.0,16.0,1.0,69.0,3.0,2.0,1.0,5324.0,26507.0,15.0,3.0,3.0,0.0,3.0,3.0,2.0,0.0,0.0,0.0,1.0,0.0,0.0,1.0,0.0,0.0,1.0,0.0,0.0,0.0,0.0,0.0,0.0,0.0,0.0,0.0,0.0,1.0,0.0,1.0,0.0,1
31.0,1365.0,13.0,2.0,46.0,3.0,2.0,1.0,4233.0,11512.0,17.0,3.0,3.0,0.0,1.0,3.0,1.0,1.0,0.0,0.0,1.0,0.0,0.0,1.0,0.0,0.0,0.0,1.0,0.0,0.0,0.0,0.0,0.0,0.0,0.0,0.0,0.0,1.0,0.0,1.0,0.0,1
41.0,1085.0,2.0,2.0,57.0,1.0,1.0,4.0,2778.0,17725.0,13.0,3.0,3.0,1.0,2.0,7.0,7.0,1.0,0.0,0.0,1.0,0.0,1.0,0.0,0.0,1.0,0.0,0.0,0.0,0.0,0.0,0.0,1.0,0.0,0.0,0.0,0.0,0.0,0.0,0.0,1.0,1
39.0,360.0,23.0,3.0,93.0,3.0,1.0,1.0,3904.0,22154.0,13.0,3.0,1.0,0.0,3.0,5.0,2.0,0.0,0.0,0.0,1.0,0.0,1.0,0.0,0.0,0.0,0.0,1.0,0.0,0.0,0.0,0.0,0.0,0.0,0.0,0.0,1.0,0.0,0.0,1.0,0.0,1
32.0,238.0,5.0,1.0,47.0,4.0,1.0,3.0,2432.0,15318.0,14.0,3.0,1.0,0.0,3.0,4.0,1.0,0.0,0.0,1.0,0.0,0.0,1.0,0.0,0.0,1.0,0.0,0.0,0.0,0.0,0.0,0.0,0.0,0.0,0.0,0.0,1.0,0.0,0.0,0.0,1.0,1
28.0,329.0,24.0,3.0,51.0,3.0,1.0,2.0,2408.0,7324.0,17.0,3.0,3.0,3.0,3.0,1.0,1.0,0.0,0.0,0.0,1.0,0.0,1.0,0.0,0.0,0.0,0.0,1.0,0.0,0.0,0.0,0.0,1.0,0.0,0.0,0.0,0.0,0.0,0.0,0.0,1.0,1
35.0,556.0,23.0,2.0,50.0,2.0,2.0,3.0,5916.0,15497.0,13.0,3.0,1.0,0.0,3.0,1.0,0.0,0.0,0.0,0.0,1.0,0.0,1.0,0.0,0.0,1.0,0.0,0.0,0.0,0.0,0.0,0.0,0.0,0.0,1.0,0.0,0.0,0.0,0.0,0.0,1.0,1
46.0,261.0,21.0,4.0,66.0,3.0,2.0,2.0,8926.0,10842.0,22.0,4.0,4.0,1.0,4.0,9.0,7.0,3.0,0.0,0.0,1.0,0.0,1.0,0.0,0.0,0.0,0.0,1.0,0.0,0.0,1.0,0.0,0.0,0.0,0.0,0.0,0.0,0.0,0.0,1.0,0.0,1
32.0,964.0,1.0,1.0,34.0,1.0,2.0,2.0,6735.0,12147.0,15.0,3.0,2.0,0.0,3.0,0.0,0.0,0.0,0.0,0.0,1.0,0.0,0.0,1.0,0.0,1.0,0.0,0.0,0.0,0.0,0.0,0.0,0.0,0.0,0.0,0.0,0.0,1.0,0.0,1.0,0.0,1
40.0,575.0,22.0,3.0,68.0,2.0,2.0,3.0,6380.0,6110.0,12.0,3.0,1.0,2.0,3.0,6.0,4.0,1.0,0.0,0.0,1.0,0.0,0.0,1.0,0.0,0.0,1.0,0.0,0.0,0.0,0.0,0.0,0.0,0.0,0.0,0.0,0.0,1.0,0.0,0.0,1.0,1
20.0,129.0,4.0,1.0,84.0,3.0,1.0,1.0,2973.0,13008.0,19.0,3.0,2.0,0.0,3.0,1.0,0.0,0.0,0.0,0.0,1.0,0.0,1.0,0.0,0.0,0.0,0.0,0.0,0.0,1.0,0.0,0.0,1.0,0.0,0.0,0.0,0.0,0.0,0.0,1.0,0.0,1
58.0,601.0,7.0,3.0,53.0,2.0,3.0,1.0,10008.0,12023.0,14.0,3.0,4.0,0.0,2.0,10.0,9.0,5.0,0.0,0.0,1.0,0.0,1.0,0.0,0.0,0.0,0.0,1.0,0.0,0.0,0.0,0.0,0.0,0.0,1.0,0.0,0.0,0.0,0.0,0.0,1.0,1
32.0,1125.0,16.0,2.0,72.0,1.0,1.0,1.0,3919.0,4681.0,22.0,4.0,2.0,0.0,3.0,10.0,2.0,6.0,0.0,1.0,0.0,0.0,1.0,0.0,0.0,1.0,0.0,0.0,0.0,0.0,0.0,0.0,0.0,0.0,0.0,0.0,1.0,0.0,0.0,0.0,1.0,1
20.0,769.0,9.0,4.0,54.0,3.0,1.0,4.0,2323.0,17205.0,14.0,3.0,2.0,0.0,3.0,2.0,2.0,0.0,0.0,1.0,0.0,0.0,0.0,1.0,0.0,0.0,1.0,0.0,0.0,0.0,0.0,0.0,0.0,0.0,0.0,0.0,0.0,0.0,1.0,0.0,1.0,1
33.0,211.0,16.0,1.0,74.0,3.0,3.0,1.0,8564.0,10092.0,20.0,4.0,3.0,0.0,2.0,0.0,0.0,0.0,0.0,0.0,1.0,0.0,0.0,1.0,0.0,1.0,0.0,0.0,0.0,0.0,0.0,0.0,0.0,0.0,0.0,0.0,0.0,1.0,0.0,0.0,1.0,1
31.0,703.0,2.0,3.0,90.0,2.0,1.0,4.0,2785.0,11882.0,14.0,3.0,3.0,0.0,4.0,1.0,0.0,0.0,0.0,1.0,0.0,0.0,0.0,1.0,0.0,1.0,0.0,0.0,0.0,0.0,0.0,0.0,0.0,0.0,0.0,0.0,0.0,0.0,1.0,1.0,0.0,1
30.0,138.0,22.0,1.0,48.0,3.0,1.0,3.0,2132.0,11539.0,11.0,3.0,2.0,0.0,3.0,5.0,2.0,0.0,0.0,0.0,1.0,0.0,1.0,0.0,0.0,1.0,0.0,0.0,0.0,0.0,0.0,0.0,0.0,0.0,0.0,0.0,1.0,0.0,0.0,0.0,1.0,1
47.0,719.0,27.0,2.0,77.0,4.0,2.0,3.0,6397.0,10339.0,12.0,3.0,4.0,0.0,3.0,5.0,4.0,1.0,0.0,1.0,0.0,0.0,0.0,1.0,0.0,1.0,0.0,0.0,0.0,0.0,0.0,0.0,0.0,0.0,0.0,0.0,0.0,1.0,0.0,0.0,1.0,1
52.0,1030.0,5.0,2.0,64.0,3.0,3.0,2.0,8446.0,21534.0,19.0,3.0,3.0,0.0,2.0,8.0,7.0,7.0,0.0,0.0,1.0,0.0,0.0,1.0,0.0,1.0,0.0,0.0,0.0,0.0,0.0,0.0,0.0,0.0,0.0,0.0,0.0,1.0,0.0,0.0,1.0,1
19.0,528.0,22.0,4.0,50.0,3.0,1.0,3.0,1675.0,26820.0,19.0,3.0,4.0,0.0,2.0,0.0,0.0,0.0,0.0,0.0,1.0,0.0,0.0,1.0,0.0,0.0,1.0,0.0,0.0,0.0,0.0,0.0,0.0,0.0,0.0,0.0,0.0,0.0,1.0,0.0,1.0,1
34.0,658.0,7.0,1.0,66.0,1.0,2.0,3.0,6074.0,22887.0,24.0,4.0,4.0,0.0,3.0,9.0,7.0,0.0,0.0,1.0,0.0,0.0,1.0,0.0,0.0,1.0,0.0,0.0,0.0,0.0,0.0,0.0,1.0,0.0,0.0,0.0,0.0,0.0,0.0,0.0,1.0,1
40.0,1329.0,7.0,1.0,73.0,3.0,1.0,1.0,2166.0,3339.0,14.0,3.0,2.0,0.0,1.0,4.0,2.0,0.0,0.0,0.0,1.0,0.0,1.0,0.0,0.0,1.0,0.0,0.0,0.0,0.0,0.0,0.0,1.0,0.0,0.0,0.0,0.0,0.0,0.0,0.0,1.0,1
21.0,156.0,12.0,3.0,90.0,4.0,1.0,2.0,2716.0,25422.0,15.0,3.0,4.0,0.0,3.0,1.0,0.0,0.0,0.0,0.0,1.0,0.0,0.0,1.0,0.0,1.0,0.0,0.0,0.0,0.0,0.0,0.0,0.0,0.0,0.0,0.0,0.0,0.0,1.0,1.0,0.0,1
30.0,600.0,8.0,3.0,66.0,2.0,1.0,4.0,2180.0,9732.0,11.0,3.0,3.0,1.0,2.0,4.0,2.0,1.0,0.0,1.0,0.0,1.0,0.0,0.0,1.0,0.0,0.0,0.0,0.0,0.0,0.0,1.0,0.0,0.0,0.0,0.0,0.0,0.0,0.0,1.0,0.0,1
26.0,1146.0,8.0,4.0,38.0,2.0,2.0,1.0,5326.0,3064.0,17.0,3.0,3.0,0.0,2.0,4.0,3.0,1.0,0.0,0.0,1.0,0.0,0.0,1.0,0.0,0.0,0.0,0.0,0.0,1.0,0.0,0.0,0.0,0.0,0.0,0.0,0.0,1.0,0.0,1.0,0.0,1
46.0,669.0,9.0,3.0,64.0,2.0,3.0,4.0,9619.0,13596.0,16.0,3.0,4.0,0.0,3.0,9.0,8.0,4.0,0.0,0.0,1.0,0.0,0.0,1.0,0.0,0.0,0.0,1.0,0.0,0.0,0.0,0.0,0.0,0.0,0.0,0.0,0.0,1.0,0.0,1.0,0.0,1
29.0,806.0,7.0,2.0,39.0,3.0,1.0,3.0,3339.0,17285.0,13.0,3.0,1.0,2.0,3.0,7.0,7.0,7.0,0.0,0.0,1.0,0.0,1.0,0.0,0.0,0.0,0.0,0.0,0.0,1.0,0.0,0.0,1.0,0.0,0.0,0.0,0.0,0.0,0.0,0.0,1.0,1
49.0,1184.0,11.0,3.0,43.0,3.0,3.0,4.0,7654.0,5860.0,18.0,3.0,1.0,2.0,4.0,9.0,8.0,7.0,0.0,0.0,1.0,0.0,0.0,1.0,0.0,0.0,1.0,0.0,0.0,0.0,0.0,0.0,0.0,0.0,0.0,0.0,0.0,1.0,0.0,1.0,0.0,1
44.0,429.0,1.0,3.0,99.0,3.0,1.0,2.0,2342.0,11092.0,12.0,3.0,3.0,3.0,2.0,5.0,3.0,2.0,0.0,1.0,0.0,0.0,1.0,0.0,0.0,0.0,0.0,1.0,0.0,0.0,0.0,0.0,0.0,0.0,0.0,0.0,1.0,0.0,0.0,0.0,1.0,1
27.0,1337.0,22.0,1.0,58.0,2.0,1.0,2.0,2863.0,19555.0,12.0,3.0,1.0,0.0,3.0,1.0,0.0,0.0,0.0,1.0,0.0,1.0,0.0,0.0,1.0,0.0,0.0,0.0,0.0,0.0,0.0,1.0,0.0,0.0,0.0,0.0,0.0,0.0,0.0,1.0,0.0,1
50.0,410.0,28.0,4.0,39.0,2.0,3.0,1.0,10854.0,16586.0,13.0,3.0,2.0,1.0,3.0,3.0,2.0,2.0,0.0,0.0,1.0,0.0,0.0,1.0,0.0,0.0,1.0,0.0,0.0,0.0,0.0,0.0,0.0,0.0,0.0,0.0,0.0,1.0,0.0,0.0,1.0,1
31.0,1060.0,1.0,4.0,54.0,3.0,1.0,2.0,2302.0,8319.0,11.0,3.0,1.0,0.0,4.0,3.0,2.0,2.0,0.0,1.0,0.0,0.0,0.0,1.0,0.0,1.0,0.0,0.0,0.0,0.0,0.0,0.0,0.0,0.0,0.0,0.0,0.0,0.0,1.0,0.0,1.0,1
31.0,249.0,6.0,2.0,76.0,1.0,2.0,3.0,6172.0,20739.0,18.0,3.0,2.0,0.0,2.0,7.0,7.0,7.0,0.0,0.0,1.0,0.0,0.0,1.0,0.0,1.0,0.0,0.0,0.0,0.0,0.0,0.0,0.0,0.0,0.0,0.0,0.0,1.0,0.0,0.0,1.0,1
35.0,622.0,14.0,3.0,39.0,2.0,1.0,2.0,3743.0,10074.0,24.0,4.0,4.0,1.0,1.0,4.0,2.0,0.0,0.0,0.0,1.0,0.0,1.0,0.0,0.0,0.0,0.0,0.0,1.0,0.0,0.0,0.0,1.0,0.0,0.0,0.0,0.0,0.0,0.0,0.0,1.0,1
32.0,1033.0,9.0,1.0,41.0,3.0,1.0,1.0,4200.0,10224.0,22.0,4.0,1.0,0.0,4.0,5.0,4.0,0.0,0.0,0.0,1.0,0.0,1.0,0.0,0.0,0.0,0.0,1.0,0.0,0.0,0.0,0.0,1.0,0.0,0.0,0.0,0.0,0.0,0.0,1.0,0.0,1
34.0,790.0,24.0,1.0,40.0,2.0,2.0,2.0,4599.0,7815.0,23.0,4.0,3.0,0.0,4.0,15.0,9.0,10.0,0.0,0.0,1.0,0.0,0.0,1.0,0.0,0.0,0.0,1.0,0.0,0.0,0.0,0.0,0.0,0.0,0.0,0.0,0.0,1.0,0.0,0.0,1.0,1
23.0,427.0,7.0,3.0,99.0,3.0,1.0,4.0,2275.0,25103.0,21.0,4.0,2.0,1.0,3.0,3.0,2.0,0.0,0.0,0.0,1.0,0.0,0.0,1.0,0.0,1.0,0.0,0.0,0.0,0.0,0.0,0.0,0.0,0.0,0.0,0.0,0.0,0.0,1.0,0.0,1.0,1
41.80224610266396,891.085094875766,16.487437841337517,3.0,71.63227981333826,3.0,2.6183860093330873,2.7632279813338254,6741.197400008964,13812.942338843872,19.855158027999263,3.6183860093330873,3.3816139906669127,1.855158027999262,3.0,8.763227981333825,7.0,2.671297934668389,0.0,0.0,1.0,0.0,0.0,1.0,0.0,1.0,0.0,0.0,0.0,0.0,0.0,0.0,0.0,0.0,0.0,0.0,0.0,1.0,0.0,0.6183860093330873,0.3816139906669127,1
29.26307013099256,374.393212419717,18.880608139725396,4.0,79.93659636677916,3.0,1.0,2.7649239825343255,2137.121059371416,16838.799960821427,17.087690043664185,3.0,1.3824619912671627,0.6175380087328373,2.3824619912671627,6.940304069862698,2.0,4.322766061129861,0.0,1.0,0.0,0.0,0.6175380087328373,0.3824619912671627,0.0,0.6175380087328373,0.3824619912671627,0.0,0.0,0.0,0.0,0.0,0.0,0.0,0.0,0.0,0.6175380087328373,0.0,0.3824619912671627,0.0,1.0,1
22.932923543227155,636.1553974387467,9.217998484511751,4.0,33.285074941284606,3.0,1.0,1.0335382283864236,1788.0715518677807,26953.719400469723,19.0,3.0,1.0503073425796354,0.9832308858067882,2.0,0.9832308858067882,0.0,0.9832308858067882,0.0,0.9832308858067882,0.0167691141932118,0.0,0.0,1.0,0.0,0.0,1.0,0.0,0.0,0.0,0.0,0.0,0.0,0.0,0.0,0.0,0.0,0.0,1.0,0.9832308858067882,0.0167691141932118,1
33.13439182572778,750.904657812102,2.0,2.06647421350404,49.73410314598384,2.5332371067520203,1.0,2.06647421350404,4038.4625105694863,16750.67765485112,19.80057735948788,3.4667628932479797,3.06647421350404,0.0,2.93352578649596,1.53323710675202,1.06647421350404,1.06647421350404,0.4667628932479799,0.0,0.5332371067520201,0.0,1.0,0.0,0.0,0.4667628932479799,0.0,0.5332371067520201,0.0,0.0,0.0,0.0,0.4667628932479799,0.0,0.0,0.0,0.5332371067520201,0.0,0.0,0.5332371067520201,0.4667628932479799,1
31.739463660626885,602.6785801781969,1.8599404067363208,1.0,42.221370645064624,3.0,1.0,1.1400595932636794,2776.3294986655214,21573.84759168108,19.439761626945284,3.859940406736321,1.1400595932636794,0.0,3.859940406736321,8.439761626945282,6.439761626945282,1.0,0.0,0.0,1.0,0.0,0.8599404067363206,0.1400595932636794,0.0,0.8599404067363206,0.0,0.0,0.0,0.1400595932636794,0.0,0.0,0.8599404067363206,0.0,0.0,0.0,0.0,0.0,0.1400595932636794,0.8599404067363206,0.1400595932636794,1
32.43477184400774,1203.688243591104,22.63938492282444,1.959077384236661,53.20461307881669,2.3196924614122203,1.0,2.3196924614122203,2958.268353500842,19671.68774841546,15.196924614122205,3.3196924614122203,1.959077384236661,0.3196924614122203,2.3606150771755594,1.0,0.0,0.0,0.0,1.0,0.0,0.6803075385877797,0.3196924614122203,0.0,0.6803075385877797,0.3196924614122203,0.0,0.0,0.0,0.0,0.0,0.6803075385877797,0.3196924614122203,0.0,0.0,0.0,0.0,0.0,0.0,0.6803075385877797,0.3196924614122203,1
29.35149775590863,1051.08020389666,16.153494763786803,2.648502244091371,75.89101346454822,3.0,2.4504992519695428,3.0,9840.485022440913,23151.978332125524,11.450499251969545,3.0,2.648502244091371,0.0,3.0,1.549500748030457,0.0,1.099001496060914,0.0,0.450499251969543,0.549500748030457,0.0,0.450499251969543,0.549500748030457,0.0,0.450499251969543,0.549500748030457,0.0,0.0,0.0,0.450499251969543,0.0,0.0,0.0,0.0,0.0,0.0,0.549500748030457,0.0,0.450499251969543,0.549500748030457,1
51.82755550492173,728.8233179491814,7.933675194200667,3.0132649611598668,84.41634170896587,2.0132649611598668,2.0,2.0132649611598668,4944.93969346448,17747.411213795956,15.0397948834796,3.0,1.0,0.0,2.0,7.9071452718809345,1.973470077680267,6.9071452718809345,0.0,0.0,1.0,0.0,0.9867350388401336,0.0132649611598665,0.0,0.0,0.0,1.0,0.0,0.0,0.0,0.0,0.0,0.0,0.0,0.0,0.9867350388401336,0.0132649611598665,0.0,0.9867350388401336,0.0132649611598665,1
43.59541228979397,621.2311929772605,14.19082457958794,1.0,71.43944740349102,2.9422017556848528,3.0,3.9422017556848528,8130.067180793152,14123.95511293493,11.0,3.0,3.9422017556848528,0.9422017556848528,2.8844035113697055,10.231192977260587,6.653210534109117,0.6357806874666192,0.0,0.0,1.0,0.0,0.9422017556848528,0.0577982443151472,0.0,0.0577982443151472,0.0,0.9422017556848528,0.0,0.0,0.9422017556848528,0.0,0.0,0.0,0.0,0.0,0.0,0.0577982443151472,0.0,1.0,0.0,1
31.87342356430892,748.6637185216698,12.816441089227697,2.126576435691079,57.15179940674834,2.126576435691079,1.0,3.4367117821544606,2958.4960021592597,6439.127961176905,12.43671178215446,3.0,2.126576435691079,1.8734235643089217,2.4367117821544606,2.873423564308921,2.4367117821544606,1.5632882178455394,0.0,0.5632882178455393,0.4367117821544607,0.0,1.0,0.0,0.0,0.0,0.0,1.0,0.0,0.0,0.0,0.0,1.0,0.0,0.0,0.0,0.0,0.0,0.0,1.0,0.0,1
27.843750492380252,981.4894830518888,24.385416502539915,2.229166994920168,46.15624950761975,2.8437504923802517,1.0,1.7708330050798322,1554.2706360529792,10609.625013786646,15.07291748730042,3.0,3.614583497460084,0.0,2.614583497460084,1.0,0.0,0.0,0.0,0.6145834974600839,0.3854165025399161,0.0,0.3854165025399161,0.6145834974600839,0.0,0.3854165025399161,0.0,0.0,0.0,0.6145834974600839,0.0,0.0,0.3854165025399161,0.0,0.0,0.0,0.0,0.0,0.6145834974600839,1.0,0.0,1
24.1117637655415,247.39237477795916,21.680674955595716,3.984033747779786,58.510920071046854,1.0159662522202142,1.0,3.015966252220214,1574.6384902308637,11589.741976909403,11.047898756660643,3.0,3.0,0.9840337477797858,3.015966252220214,1.0,0.0,0.0,0.0,0.0159662522202141,0.9840337477797858,0.9840337477797858,0.0,0.0159662522202141,0.9840337477797858,0.0159662522202141,0.0,0.0,0.0,0.0,0.0,0.9840337477797858,0.0,0.0,0.0,0.0,0.0,0.0,0.0159662522202141,1.0,0.0,1
21.001619733087935,1249.2001188969514,4.0764246975114045,2.4617876512442978,65.53659261566777,3.0,1.0,2.0,1975.8989820637912,8119.032394661759,13.307318523133551,3.0,3.307318523133553,0.0,3.230893825622149,0.692681476866447,0.461787651244298,0.461787651244298,0.0,1.0,0.0,0.0,0.0,1.0,0.0,0.230893825622149,0.769106174377851,0.0,0.0,0.0,0.0,0.0,0.0,0.0,0.0,0.0,0.0,0.0,1.0,0.0,1.0,1
33.071796271791904,111.47178944680635,5.615381990390176,1.7230763980780353,64.66154161153179,3.0,1.0,1.4820509320520234,2151.128149128324,26392.918112867603,12.241025466026011,3.0,4.0,0.7589745339739883,3.0,2.687178262182082,0.4820509320520234,1.687178262182082,0.0,0.0,1.0,0.0,1.0,0.0,0.0,1.0,0.0,0.0,0.0,0.0,0.0,0.0,0.7589745339739883,0.0,0.0,0.0,0.2410254660260117,0.0,0.0,0.0,1.0,1
31.31673648117454,695.8523418801908,14.932216301207331,1.9502094435236257,55.23095964006558,2.3665270376509167,3.0,3.3167364811745417,10006.440213156537,23827.80274133087,11.683263518825456,3.0,1.6334729623490836,0.0,2.6832635188254583,5.117574255269043,2.5338918493963343,2.850628330570876,0.0,0.6832635188254582,0.3167364811745418,0.0,0.6832635188254582,0.3167364811745418,0.0,0.6832635188254582,0.0,0.3167364811745418,0.0,0.0,0.6832635188254582,0.0,0.0,0.0,0.0,0.0,0.0,0.3167364811745418,0.0,1.0,0.0,1
35.4100635021302,1326.018723272961,11.439986631130484,3.609996657782621,83.21999331556525,2.219993315565242,2.780006684434758,3.0,11055.990300713962,23668.682713880513,11.0,3.0,3.609996657782621,0.0,2.219993315565242,10.19007018656496,1.9500167110868951,6.6800401066085495,0.0,0.3900033422173791,0.6099966577826209,0.0,0.0,1.0,0.0,0.3900033422173791,0.6099966577826209,0.0,0.0,0.0,0.0,0.0,0.0,0.0,0.0,0.0,0.0,1.0,0.0,0.3900033422173791,0.6099966577826209,1
29.33361017652767,580.9768765295976,19.330288058195617,3.833194911736165,54.17427985451096,2.3336101765276713,3.0,1.1668050882638357,7354.348559709022,10789.857848083382,12.66638982347233,3.0,1.0,0.8331949117361643,1.333610176527671,10.833194911736165,8.0,3.166805088263835,0.0,0.1668050882638356,0.8331949117361643,0.0,0.1668050882638356,0.8331949117361643,0.0,1.0,0.0,0.0,0.0,0.0,0.0,0.0,0.0,0.0,0.1668050882638356,0.0,0.0,0.8331949117361643,0.0,1.0,0.0,1
39.826635346492225,1253.759740377627,6.653270692984456,1.520093960523316,70.05280089036788,3.0,1.1733646535077722,1.520093960523316,2152.1308277193784,3338.306541385969,14.0,3.0,2.173364653507772,0.173364653507772,1.520093960523316,3.479906039476684,1.6532706929844558,0.0,0.0,0.0,1.0,0.0,0.8266353464922279,0.173364653507772,0.0,0.8266353464922279,0.0,0.0,0.0,0.173364653507772,0.0,0.0,0.8266353464922279,0.0,0.0,0.0,0.0,0.0,0.173364653507772,0.173364653507772,0.8266353464922279,1
35.69272729087889,721.7484850602538,7.256969721171853,2.391060607573241,45.30727270912111,1.3910606075732408,1.0,3.0,1780.5633349639536,15932.268635505972,13.564242430292964,3.0,2.7821212151464816,0.3910606075732408,3.0,1.0,0.0,0.0,0.0,1.0,0.0,0.0,0.3910606075732408,0.6089393924267592,0.0,0.6089393924267592,0.0,0.0,0.0,0.3910606075732408,0.0,0.0,0.0,0.0,0.0,0.0,0.3910606075732408,0.0,0.6089393924267592,0.6089393924267592,0.3910606075732408,1
22.27105564884775,617.9540303433131,11.369069141244813,4.0,36.09801349239706,3.0,1.0,1.3644721755761249,1769.0428499043728,26931.215892060824,19.0,3.0,1.546708263364187,0.8177639122119377,2.0,0.8177639122119377,0.0,0.8177639122119377,0.0,0.8177639122119377,0.1822360877880623,0.0,0.0,1.0,0.0,0.0,1.0,0.0,0.0,0.0,0.0,0.0,0.0,0.0,0.0,0.0,0.0,0.0,1.0,0.8177639122119377,0.1822360877880623,1
34.02144564127061,261.3709226594206,19.12867384762366,3.510722820635305,84.74662487461201,2.510722820635305,1.0,2.2446385896823475,1859.8046150406035,16499.955525925485,17.287529872223566,3.0,1.2446385896823475,0.7553614103176525,2.2446385896823475,7.798252692858872,1.510722820635305,5.287529872223567,0.0,1.0,0.0,0.0,0.7553614103176525,0.2446385896823475,0.0,1.0,0.0,0.0,0.0,0.0,0.0,0.0,0.0,0.0,0.0,0.0,0.7553614103176525,0.0,0.2446385896823475,0.2446385896823475,0.7553614103176525,1
26.125779372456226,616.1528301105537,6.101870493894936,1.5748441255087553,58.87422062754378,2.574844125508755,1.0,2.724532376526266,2310.856546728632,3078.2463548053006,15.574844125508756,3.0,2.275467623473734,1.8503117489824896,2.425155874491245,2.0,0.8503117489824894,2.0,0.0,0.0,1.0,0.4251558744912447,0.5748441255087553,0.0,0.4251558744912447,0.0,0.0,0.5748441255087553,0.0,0.0,0.0,0.4251558744912447,0.0,0.0,0.0,0.0,0.5748441255087553,0.0,0.0,0.0,1.0,1
30.504700045581735,145.65624116146913,14.752350022790868,1.0,64.00940009116347,2.7920583371318113,1.7920583371318113,1.4158833257363777,4762.765451918758,26257.677946221043,16.039708314340945,3.2079416628681887,3.0,0.0,2.5841166742636226,2.7920583371318113,2.0,0.4158833257363776,0.0,0.2079416628681888,0.7920583371318112,0.0,0.2079416628681888,0.7920583371318112,0.0,0.2079416628681888,0.7920583371318112,0.0,0.0,0.0,0.0,0.0,0.2079416628681888,0.0,0.0,0.0,0.0,0.7920583371318112,0.0,1.0,0.0,1
28.0,947.0337829980682,1.5677003278199917,1.0,84.6198957383401,3.0,1.0,3.0,3235.9953888243153,15286.027333810169,12.729198688720034,3.0,3.4322996721800085,0.4322996721800085,2.2968990165400256,1.2968990165400256,0.8645993443600171,0.4322996721800085,0.0,0.4322996721800085,0.5677003278199915,0.0,0.5677003278199915,0.4322996721800085,0.0,0.5677003278199915,0.0,0.0,0.0,0.4322996721800085,0.0,0.0,0.5677003278199915,0.0,0.0,0.0,0.0,0.0,0.4322996721800085,1.0,0.0,1
30.906060122633324,342.29008059741454,28.248480981066592,3.0,70.34242085843327,2.0313132924555584,1.0,2.0313132924555584,3477.8100948866886,11637.18881266852,11.062626584911117,3.0,2.0313132924555584,0.0,3.937373415088883,4.906060122633324,3.937373415088883,1.0313132924555586,0.0,0.9686867075444414,0.0313132924555585,0.0,1.0,0.0,0.0,0.0,0.0,0.9686867075444414,0.0,0.0313132924555585,0.0,0.0,1.0,0.0,0.0,0.0,0.0,0.0,0.0,0.9686867075444414,0.0313132924555585,1
28.369139098379993,480.3912884608957,24.05370864756999,3.0,65.47996711082494,2.0,1.0,2.0,2525.0238750211347,18378.54218225169,16.315430450810002,3.0,2.1577152254050014,0.4731456762150046,3.8422847745949986,1.8422847745949984,1.684569549189997,0.8422847745949985,0.0,0.0,1.0,0.0,0.8422847745949985,0.1577152254050015,0.0,0.0,0.1577152254050015,0.0,0.0,0.8422847745949985,0.0,0.0,0.0,0.0,0.0,0.0,0.8422847745949985,0.0,0.1577152254050015,0.8422847745949985,0.1577152254050015,1
34.69852480021859,1061.146892807869,13.59311573435344,1.4497541333697657,50.19114880131156,1.899508266739531,2.0,1.5502458666302343,6707.115243731075,11790.344972237775,16.79901653347906,3.0,2.0,0.0,3.0,0.4497541333697656,0.0,0.0,0.0,0.0,1.0,0.0,0.4497541333697656,0.5502458666302343,0.0,0.5502458666302343,0.0,0.4497541333697656,0.0,0.0,0.4497541333697656,0.0,0.0,0.0,0.0,0.0,0.0,0.5502458666302343,0.0,0.5502458666302343,0.4497541333697656,1
27.395150236001815,1450.0314179361378,1.6048497639981856,2.209699527996371,87.7660516520127,3.0,1.0,1.7903004720036289,2988.8401688477607,16109.305008634914,12.58060094400726,3.0,2.790300472003629,1.0,3.395150236001814,3.604849763998186,2.604849763998186,0.3951502360018144,0.0,0.3951502360018144,0.6048497639981856,0.0,0.0,1.0,0.0,0.0,0.6048497639981856,0.0,0.0,0.3951502360018144,0.0,0.0,0.0,0.0,0.0,0.0,0.0,0.0,1.0,1.0,0.0,1
20.02677587888688,591.9522646137498,1.0733411342062058,2.8533177315875884,95.52619081342144,1.1466822684124116,1.0,1.0,2353.016313266771,21027.137389787225,20.926658865793794,4.0,1.0,0.0,4.0,0.6600702078558527,0.5133879394434402,0.0733411342062058,0.0,0.9266588657937942,0.0733411342062058,0.0,0.0733411342062058,0.9266588657937942,0.0,0.0733411342062058,0.0,0.0,0.0,0.9266588657937942,0.0,0.0,0.0733411342062058,0.0,0.0,0.0,0.0,0.0,0.9266588657937942,1.0,0.0,1
25.909104074584423,551.0914832527096,6.727271995856421,2.5454560082871582,41.63639216159959,3.0,1.0,1.7272719958564209,2603.9997988605155,4494.999806906095,15.181824033148631,3.272728004143579,2.5454560082871582,0.0,2.4545439917128418,1.2727280041435791,0.5454560082871582,1.2727280041435791,0.0,0.0,1.0,0.0,0.2727280041435791,0.7272719958564209,0.0,0.0,0.7272719958564209,0.2727280041435791,0.0,0.0,0.0,0.0,0.2727280041435791,0.0,0.0,0.0,0.0,0.0,0.7272719958564209,0.7272719958564209,0.2727280041435791,1
23.612326150446684,330.7957253926891,7.3265407688058355,2.0,46.02087536506843,2.346918462388329,1.0,1.6734592311941645,2496.1371694687323,4629.695827610721,12.346918462388327,3.0,2.653081537611671,0.0,2.6734592311941645,2.959244612835012,2.2857853816408475,0.6734592311941646,0.0,0.0,1.0,0.0,0.3265407688058354,0.6734592311941646,0.0,0.0,0.6734592311941646,0.0,0.3265407688058354,0.0,0.0,0.0,0.3265407688058354,0.0,0.0,0.0,0.0,0.0,0.6734592311941646,0.6734592311941646,0.3265407688058354,1
27.013784358324408,133.66308666908077,7.704439744053994,2.140887948810799,80.97932346251339,3.5704439744053995,1.0,1.5704439744053995,2440.2250315682663,25936.17856263674,13.711331923216198,3.0,4.0,0.4295560255946006,3.0,1.0,0.0,0.0,0.0,0.0,1.0,0.0,0.4295560255946006,0.5704439744053994,0.0,1.0,0.0,0.0,0.0,0.0,0.0,0.0,0.4295560255946006,0.0,0.0,0.0,0.0,0.0,0.5704439744053994,0.5704439744053994,0.4295560255946006,1
22.874994439845057,1090.937074648147,13.187486099612643,2.562502780077471,52.10419354074889,2.479165739974176,1.0,3.520834260025824,2662.938008754177,19586.542046610582,18.958331479948352,3.479165739974176,2.479165739974176,0.4791657399741763,2.520834260025824,1.0,0.4791657399741763,0.5208342600258237,0.0,0.5208342600258237,0.4791657399741763,0.0,1.0,0.0,0.0,0.5208342600258237,0.0,0.4791657399741763,0.0,0.0,0.0,0.0,1.0,0.0,0.0,0.0,0.0,0.0,0.0,0.4791657399741763,0.5208342600258237,1
29.89304343996497,138.60740919559578,12.805860121746743,1.0776559513013018,52.32015117212213,2.961172024349349,2.0,2.0,5733.005748063863,17495.172929620472,11.155311902602604,3.0,1.0,0.0,1.0388279756506509,5.116483926951952,2.961172024349349,0.2717958295545557,0.0,0.9611720243493492,0.0388279756506508,0.0,0.0388279756506508,0.9611720243493492,0.0,0.0,0.0,0.0388279756506508,0.0,0.9611720243493492,0.0,0.0,0.0,0.0,0.0,0.0,0.0388279756506508,0.9611720243493492,0.0,1.0,0.0,1
40.39919536189664,1078.6701428914891,2.689067697356303,3.533601546034454,49.86157062534537,2.8445338486781515,2.1554661513218485,3.0,5260.231659639025,18013.68668540392,17.222669243390758,3.0,1.466398453965546,0.0,2.1554661513218485,1.0,0.0,0.0,0.0,0.0,1.0,0.0,0.1554661513218486,0.8445338486781514,0.0,0.1554661513218486,0.0,0.8445338486781514,0.0,0.0,0.0,0.0,0.1554661513218486,0.0,0.0,0.0,0.0,0.8445338486781514,0.0,0.0,1.0,1
29.010719559450475,1206.906636855761,10.220521211511189,3.7473201101373808,83.49464022027476,2.7473201101373808,2.0,2.7473201101373808,9867.392034162718,24068.094807870664,11.25267988986262,3.0,3.7473201101373808,0.0,2.7473201101373808,2.0,0.5053597797252383,2.0,0.0,0.0,1.0,0.0,0.0,1.0,0.0,0.0,1.0,0.0,0.0,0.0,0.0,0.0,0.0,0.0,0.0,0.0,0.0,1.0,0.0,0.0,1.0,1
42.825233749385646,871.8702052099997,7.698460661945399,3.0793842647781595,59.14277080849829,2.46030786761092,3.0,1.4603078676109202,9449.827366243688,21531.841231470444,17.92061573522184,3.0,3.0,0.0,2.53969213238908,10.6984606619454,9.6984606619454,6.46030786761092,0.0,0.0,1.0,0.0,0.0,1.0,0.0,0.4603078676109202,0.0,0.5396921323890798,0.0,0.0,0.0,0.0,0.0,0.0,0.0,0.0,0.0,1.0,0.0,0.5396921323890798,0.4603078676109202,1
33.760253496991545,997.5580534809552,15.107258159646936,4.0,64.10725815964693,3.4132488343361516,2.0,3.0,4652.432141593262,23546.69377029443,15.520506993983089,3.0,3.4132488343361516,0.5867511656638482,2.4132488343361516,4.0,2.0,2.1735023313276964,0.4132488343361518,0.5867511656638482,0.0,0.0,0.0,1.0,0.0,0.0,0.5867511656638482,0.0,0.4132488343361518,0.0,0.0,0.0,0.0,0.0,0.0,0.0,0.0,1.0,0.0,0.4132488343361518,0.5867511656638482,1
31.86102122905655,1046.9326217870807,8.861021229056552,1.069489385471724,41.31270223462276,3.0,1.0,1.069489385471724,4173.6287782134805,10257.181181562748,21.68729776537724,3.965255307264138,1.069489385471724,0.0,3.930510614528276,4.895765921792414,3.930510614528276,0.069489385471724,0.0,0.0,1.0,0.0,1.0,0.0,0.0,0.0,0.0,0.965255307264138,0.0,0.034744692735862,0.0,0.0,1.0,0.0,0.0,0.0,0.0,0.0,0.0,0.965255307264138,0.034744692735862,1
23.035171238433424,868.5718630092532,13.8914452199269,3.392965752313315,47.78897256939946,2.0,1.0,2.785931504626631,2614.591430936731,19185.071266028615,18.0,3.0,2.607034247686685,1.8211027430600544,3.0,1.0,0.0,0.3929657523133153,0.0,0.3929657523133153,0.6070342476866847,0.0,0.3929657523133153,0.6070342476866847,0.0,0.3929657523133153,0.6070342476866847,0.0,0.0,0.0,0.0,0.0,0.3929657523133153,0.0,0.0,0.0,0.0,0.0,0.6070342476866847,0.0,1.0,1
31.275999182022545,716.6635386607145,6.587989366293064,3.4480016359549133,43.76396809887919,2.4480016359549133,1.0,2.4480016359549133,4038.46013496628,4300.899570561835,14.759991820225434,3.2759991820225434,1.2759991820225434,0.0,1.5519983640450867,7.82799754606763,2.0,6.724000817977457,0.0,1.0,0.0,0.0,1.0,0.0,0.0,1.0,0.0,0.0,0.0,0.0,0.0,0.0,0.0,0.0,0.0,0.0,1.0,0.0,0.0,0.7240008179774566,0.2759991820225433,1
27.44471793155101,430.994461886092,12.9633504030306,3.7037264942959176,92.25900856274492,3.111179482887753,1.0,1.0,2769.051417900724,21345.085606113735,18.18509402281633,3.2962735057040824,2.407452988591835,0.0,3.2962735057040824,0.7037264942959176,0.0,0.0,0.0,0.2962735057040824,0.7037264942959176,0.7037264942959176,0.0,0.2962735057040824,0.7037264942959176,0.0,0.0,0.0,0.0,0.2962735057040824,0.0,0.7037264942959176,0.0,0.0,0.0,0.0,0.0,0.0,0.2962735057040824,1.0,0.0,1
26.008398365621986,138.47060572032305,16.173665304684988,3.8347330609369976,57.4454106234571,3.1652669390630024,1.0,2.8347330609369976,2447.215954378287,25638.195862782683,13.330533878126005,3.0,4.0,0.0,3.0,6.843131426558982,1.669466121873995,5.843131426558982,0.0,0.0,1.0,0.0,0.8347330609369975,0.1652669390630025,0.0,1.0,0.0,0.0,0.0,0.0,0.0,0.0,0.0,0.0,0.0,0.0,0.8347330609369975,0.0,0.1652669390630025,0.1652669390630025,0.8347330609369975,1
39.0,1153.0872481575195,2.984363593258806,3.953090779776418,41.20327328763552,2.984363593258806,1.9843635932588064,2.9687271865176124,5213.106840468019,17768.665065175508,18.07818203370597,3.015636406741194,1.0156364067411938,0.0,2.0312728134823876,1.0,0.0,0.0,0.0156364067411939,0.0,0.984363593258806,0.0,0.0156364067411939,0.984363593258806,0.0,0.0156364067411939,0.0,0.984363593258806,0.0,0.0,0.0,0.0,0.0156364067411939,0.0,0.0,0.0,0.0,0.984363593258806,0.0,0.0,1.0,1
35.61278815434904,359.5765985192936,20.882992596468153,3.4234014807063695,91.30639407717452,3.4234014807063695,1.0,1.0,3502.615396290362,21874.978424214503,14.693605922825478,3.0,1.8468029614127393,0.0,3.0,3.3063940771745215,1.1531970385872607,0.0,0.0,0.0,1.0,0.4234014807063696,0.5765985192936304,0.0,0.4234014807063696,0.0,0.0,0.5765985192936304,0.0,0.0,0.0,0.4234014807063696,0.0,0.0,0.0,0.0,0.5765985192936304,0.0,0.0,1.0,0.0,1
24.318104290809117,531.3146930864102,11.15905214540456,3.39488151817557,81.97440759087785,2.2102369636488604,1.0,2.2102369636488604,2063.1372518247545,13912.972892430716,16.343696699931268,3.39488151817557,3.2102369636488604,0.3948815181755697,3.0,1.974407590877849,0.7897630363511394,1.184644554526709,1.0,0.0,0.0,0.0,1.0,0.0,0.0,0.0,0.0,0.6051184818244303,0.0,0.3948815181755697,0.0,0.0,0.6051184818244303,0.0,0.0,0.0,0.3948815181755697,0.0,0.0,0.6051184818244303,0.3948815181755697,1
21.22836992189842,504.0856082383468,9.45673984379684,2.2934881747180382,70.29348817471804,2.7065118252819618,1.0,3.4130236505639235,1855.7379466995233,18384.781419033836,13.173952698872151,3.0,2.7065118252819618,0.0,4.0,0.5869763494360762,0.5869763494360762,0.2934881747180381,0.0,0.7065118252819619,0.2934881747180381,0.0,0.2934881747180381,0.7065118252819619,0.0,0.0,0.0,0.7065118252819619,0.0,0.2934881747180381,0.0,0.0,0.0,0.0,0.0,0.0,0.2934881747180381,0.0,0.7065118252819619,0.2934881747180381,0.7065118252819619,1
